ID,class
1,0.0225
2,0.1608
3,0.4021
4,0.3239
5,0.3318
6,0.2635
7,0.2569
8,0.3457
9,0.1021
10,0.1671
11,0.0211
12,0.2135
13,0.4352
14,0.0752
15,0.3522
16,0.062
17,0.0736
18,0.0661
19,0.1325
20,0.0632
21,0.3226
22,0.1195
23,0.1191
24,0.0593
25,0.4112
26,0.3127
27,0.2672
28,0.1681
29,0.0585
30,0.4019
31,0.4688
32,0.3205
33,0.0498
34,0.3738
35,0.313
36,0.32
37,0.3488
38,0.1578
39,0.138
40,0.3564
41,0.4575
42,0.2357
43,0.1642
44,0.0445
45,0.1073
46,0.0903
47,0.2467
48,0.4876
49,0.4332
50,0.3805
51,0.4418
52,0.3943
53,0.1582
54,0.4002
55,0.239
56,0.4434
57,0.2143
58,0.0352
59,0.123
60,0.2981
61,0.3844
62,0.0595
63,0.4604
64,0.4935
65,0.4268
66,0.2834
67,0.0591
68,0.0188
69,0.0397
70,0.4229
71,0.3534
72,0.0577
73,0.2608
74,0.3761
75,0.3467
76,0.2413
77,0.3332
78,0.4034
79,0.1843
80,0.2011
81,0.2661
82,0.0723
83,0.3611
84,0.1628
85,0.3677
86,0.268
87,0.3038
88,0.0332
89,0.4562
90,0.3263
91,0.2152
92,0.2139
93,0.1806
94,0.2724
95,0.2451
96,0.4113
97,0.4816
98,0.0989
99,0.1634
100,0.4367
101,0.4769
102,0.1178
103,0.426
104,0.3131
105,0.4764
106,0.4121
107,0.0018
108,0.3614
109,0.3675
110,0.2485
111,0.4284
112,0.0974
113,0.1708
114,0.2588
115,0.3372
116,0.191
117,0.3814
118,0.3214
119,0.4481
120,0.2883
121,0.3401
122,0.1686
123,0.0589
124,0.4191
125,0.006
126,0.3261
127,0.4029
128,0.0671
129,0.2748
130,0.2112
131,0.0265
132,0.3795
133,0.4404
134,0.0564
135,0.219
136,0.4483
137,0.414
138,0.4918
139,0.3076
140,0.1124
141,0.1363
142,0.3841
143,0.0987
144,0.302
145,0.2998
146,0.2723
147,0.254
148,0.1244
149,0.4469
150,0.1487
151,0.2485
152,0.1275
153,0.2835
154,0.0515
155,0.1179
156,0.2382
157,0.1784
158,0.0826
159,0.2331
160,0.3937
161,0.3349
162,0.2164
163,0.0969
164,0.3626
165,0.1072
166,0.2548
167,0.4273
168,0.4046
169,0.3143
170,0.2895
171,0.374
172,0.3666
173,0.2217
174,0.2737
175,0.2734
176,0.1506
177,0.1299
178,0.194
179,0.2479
180,0.0494
181,0.1147
182,0.3444
183,0.0589
184,0.3095
185,0.4536
186,0.3093
187,0.223
188,0.0212
189,0.1138
190,0.4664
191,0.0868
192,0.302
193,0.27
194,0.0174
195,0.0918
196,0.3516
197,0.0332
198,0.3891
199,0.0948
200,0.4915
201,0.003
202,0.4723
203,0.4868
204,0.0941
205,0.0185
206,0.2986
207,0.1678
208,0.1561
209,0.111
210,0.1844
211,0.4412
212,0.1651
213,0.3746
214,0.0614
215,0.0632
216,0.3457
217,0.4314
218,0.4399
219,0.4666
220,0.3287
221,0.001
222,0.3986
223,0.0579
224,0.3566
225,0.2626
226,0.1705
227,0.0061
228,0.0034
229,0.416
230,0.1329
231,0.4161
232,0.2204
233,0.3054
234,0.4315
235,0.1147
236,0.3052
237,0.2972
238,0.0159
239,0.4985
240,0.4985
241,0.2694
242,0.4608
243,0.4296
244,0.3183
245,0.2519
246,0.2971
247,0.078
248,0.0042
249,0.2113
250,0.3008
251,0.4829
252,0.0924
253,0.2922
254,0.492
255,0.4294
256,0.0817
257,0.4751
258,0.191
259,0.1949
260,0.0685
261,0.0929
262,0.3185
263,0.492
264,0.4877
265,0.3503
266,0.1155
267,0.0301
268,0.0902
269,0.4773
270,0.157
271,0.2109
272,0.4981
273,0.4428
274,0.4016
275,0.3319
276,0.4684
277,0.4753
278,0.0745
279,0.4485
280,0.0834
281,0.2866
282,0.3939
283,0.051
284,0.4212
285,0.3241
286,0.1529
287,0.4502
288,0.4461
289,0.3631
290,0.4569
291,0.3547
292,0.015
293,0.0616
294,0.0481
295,0.4519
296,0.4538
297,0.1978
298,0.4592
299,0.0647
300,0.458
301,0.0093
302,0.2009
303,0.351
304,0.1427
305,0.0854
306,0.2749
307,0.2157
308,0.248
309,0.3124
310,0.3536
311,0.3181
312,0.4467
313,0.1113
314,0.4092
315,0.0572
316,0.463
317,0.0013
318,0.1683
319,0.0093
320,0.3795
321,0.484
322,0.136
323,0.0012
324,0.0226
325,0.4943
326,0.0173
327,0.3075
328,0.124
329,0.1479
330,0.3043
331,0.4208
332,0.2565
333,0.2209
334,0.151
335,0.2222
336,0.2875
337,0.3683
338,0.3221
339,0.486
340,0.2559
341,0.4168
342,0.2914
343,0.1882
344,0.3021
345,0.3188
346,0.3697
347,0.1239
348,0.4148
349,0.3293
350,0.3699
351,0.3738
352,0.1246
353,0.3007
354,0.0559
355,0.0291
356,0.0053
357,0.1505
358,0.0396
359,0.4816
360,0.4092
361,0.2316
362,0.2171
363,0.1352
364,0.2913
365,0.2584
366,0.1946
367,0.2668
368,0.0685
369,0.4764
370,0.0278
371,0.3348
372,0.1329
373,0.4319
374,0.4583
375,0.2105
376,0.2684
377,0.439
378,0.1908
379,0.4601
380,0.2847
381,0.4716
382,0.2453
383,0.4778
384,0.3454
385,0.2524
386,0.4408
387,0.2412
388,0.4508
389,0.413
390,0.4123
391,0.2734
392,0.1435
393,0.1508
394,0.3697
395,0.3721
396,0.4422
397,0.2774
398,0.1849
399,0.3346
400,0.2312
401,0.0767
402,0.2164
403,0.1525
404,0.0669
405,0.4603
406,0.455
407,0.1184
408,0.4326
409,0.3285
410,0.3199
411,0.374
412,0.461
413,0.1051
414,0.1063
415,0.2006
416,0.477
417,0.4359
418,0.4819
419,0.3259
420,0.162
421,0.4224
422,0.2123
423,0.1543
424,0.2654
425,0.4299
426,0.2778
427,0.2456
428,0.1515
429,0.3132
430,0.0973
431,0.2133
432,0.2862
433,0.1823
434,0.2609
435,0.1239
436,0.3026
437,0.4784
438,0.0036
439,0.169
440,0.4816
441,0.478
442,0.3318
443,0.3565
444,0.1329
445,0.2792
446,0.3332
447,0.3879
448,0.4262
449,0.2903
450,0.4481
451,0.3442
452,0.2868
453,0.0762
454,0.1165
455,0.0459
456,0.2881
457,0.1169
458,0.1548
459,0.3275
460,0.1086
461,0.3562
462,0.2991
463,0.3396
464,0.4558
465,0.2513
466,0.1004
467,0.324
468,0.18
469,0.0249
470,0.279
471,0.4021
472,0.2532
473,0.1105
474,0.3631
475,0.3888
476,0.4142
477,0.2022
478,0.3998
479,0.1283
480,0.3478
481,0.4237
482,0.2769
483,0.2382
484,0.0222
485,0.4156
486,0.3106
487,0.0257
488,0.3927
489,0.0185
490,0.0814
491,0.2598
492,0.2789
493,0.4399
494,0.3993
495,0.454
496,0.2496
497,0.2289
498,0.3824
499,0.4714
500,0.154
501,0.3075
502,0.1255
503,0.3401
504,0.0128
505,0.3147
506,0.1482
507,0.4743
508,0.3842
509,0.1205
510,0.1411
511,0.0246
512,0.3513
513,0.3939
514,0.1193
515,0.2164
516,0.3493
517,0.4484
518,0.1796
519,0.4292
520,0.2772
521,0.1435
522,0.3214
523,0.2105
524,0.2211
525,0.3882
526,0.3876
527,0.2072
528,0.2404
529,0.4581
530,0.3981
531,0.1879
532,0.2287
533,0.4585
534,0.4938
535,0.3092
536,0.2068
537,0.0626
538,0.1539
539,0.2899
540,0.0533
541,0.254
542,0.1607
543,0.2305
544,0.0705
545,0.2593
546,0.4524
547,0.4054
548,0.0001
549,0.264
550,0.101
551,0.1171
552,0.2671
553,0.2788
554,0.1665
555,0.2273
556,0.495
557,0.4953
558,0.1732
559,0.0573
560,0.1837
561,0.2289
562,0.0918
563,0.2069
564,0.259
565,0.1121
566,0.321
567,0.2108
568,0.054
569,0.0398
570,0.2919
571,0.4054
572,0.2691
573,0.1059
574,0.484
575,0.3313
576,0.0619
577,0.4889
578,0.4762
579,0.1533
580,0.0916
581,0.0868
582,0.2208
583,0.1159
584,0.1906
585,0.1587
586,0.4284
587,0.3384
588,0.4241
589,0.3733
590,0.298
591,0.4733
592,0.4389
593,0.0151
594,0.4786
595,0.4401
596,0.3998
597,0.3735
598,0.1301
599,0.0816
600,0.3977
601,0.1946
602,0.3955
603,0.4857
604,0.0947
605,0.171
606,0.263
607,0.2026
608,0.1828
609,0.3594
610,0.2657
611,0.1982
612,0.0856
613,0.3351
614,0.4677
615,0.0841
616,0.2878
617,0.2219
618,0.3052
619,0.2374
620,0.231
621,0.0561
622,0.0495
623,0.0191
624,0.2389
625,0.4244
626,0.2467
627,0.2279
628,0.3347
629,0.4177
630,0.0289
631,0.2712
632,0.1014
633,0.1454
634,0.0932
635,0.2222
636,0.4456
637,0.1418
638,0.1009
639,0.3542
640,0.0294
641,0.122
642,0.1933
643,0.1075
644,0.3961
645,0.1682
646,0.286
647,0.4118
648,0.3401
649,0.262
650,0.4481
651,0.077
652,0.2783
653,0.3322
654,0.0866
655,0.375
656,0.1425
657,0.0434
658,0.0167
659,0.4556
660,0.4544
661,0.2209
662,0.1331
663,0.4775
664,0.2366
665,0.1435
666,0.341
667,0.0919
668,0.0283
669,0.1277
670,0.3815
671,0.3687
672,0.1038
673,0.4507
674,0.071
675,0.3935
676,0.1345
677,0.0493
678,0.2197
679,0.1563
680,0.3904
681,0.196
682,0.0829
683,0.4063
684,0.1016
685,0.384
686,0.4791
687,0.4771
688,0.2713
689,0.2469
690,0.276
691,0.4756
692,0.3805
693,0.059
694,0.401
695,0.2551
696,0.4075
697,0.1743
698,0.2301
699,0.0569
700,0.2995
701,0.445
702,0.1057
703,0.3204
704,0.076
705,0.1293
706,0.3581
707,0.2446
708,0.1382
709,0.213
710,0.1011
711,0.3169
712,0.2358
713,0.1213
714,0.1026
715,0.0967
716,0.3152
717,0.212
718,0.1714
719,0.3261
720,0.2089
721,0.3145
722,0.4054
723,0.1019
724,0.4883
725,0.0727
726,0.091
727,0.2322
728,0.1982
729,0.0795
730,0.0774
731,0.4603
732,0.0139
733,0.1763
734,0.0771
735,0.4901
736,0.4933
737,0.1246
738,0.4981
739,0.1299
740,0.2009
741,0.2687
742,0.3703
743,0.1694
744,0.0839
745,0.127
746,0.3786
747,0.1577
748,0.1953
749,0.2135
750,0.0479
751,0.303
752,0.3693
753,0.3919
754,0.4035
755,0.1487
756,0.2418
757,0.1376
758,0.0328
759,0.2475
760,0.054
761,0.481
762,0.3003
763,0.3757
764,0.235
765,0.0024
766,0.4577
767,0.3321
768,0.4033
769,0.1275
770,0.3229
771,0.4279
772,0.0445
773,0.4461
774,0.1495
775,0.3364
776,0.247
777,0.3461
778,0.1778
779,0.2156
780,0.2133
781,0.3761
782,0.2281
783,0.1746
784,0.3886
785,0.4922
786,0.2616
787,0.0516
788,0.2933
789,0.0823
790,0.154
791,0.0065
792,0.2407
793,0.1624
794,0.3737
795,0.2543
796,0.1316
797,0.0028
798,0.0899
799,0.3289
800,0.1788
801,0.0569
802,0.0704
803,0.1653
804,0.4469
805,0.0302
806,0.3131
807,0.1741
808,0.3818
809,0.2038
810,0.0616
811,0.2674
812,0.2514
813,0.2713
814,0.0519
815,0.2268
816,0.0716
817,0.2252
818,0.097
819,0.47
820,0.3867
821,0.4817
822,0.158
823,0.2208
824,0.4415
825,0.1521
826,0.0629
827,0.0467
828,0.1133
829,0.4074
830,0.1439
831,0.4176
832,0.4148
833,0.0888
834,0.3425
835,0.0418
836,0.4916
837,0.4576
838,0.2954
839,0.4254
840,0.333
841,0.4602
842,0.0196
843,0.3081
844,0.0801
845,0.0663
846,0.148
847,0.0816
848,0.2995
849,0.3879
850,0.224
851,0.4445
852,0.1427
853,0.3734
854,0.1379
855,0.0893
856,0.2522
857,0.1863
858,0.3937
859,0.0542
860,0.219
861,0.029
862,0.0374
863,0.2654
864,0.3249
865,0.3549
866,0.1531
867,0.2646
868,0.0564
869,0.2841
870,0.2226
871,0.245
872,0.1315
873,0.4887
874,0.4316
875,0.0466
876,0.2816
877,0.0015
878,0.484
879,0.0837
880,0.1283
881,0.1936
882,0.2415
883,0.0601
884,0.3902
885,0.3378
886,0.1438
887,0.4008
888,0.4451
889,0.4723
890,0.3839
891,0.2647
892,0.1347
893,0.1035
894,0.0365
895,0.1785
896,0.4088
897,0.0482
898,0.2712
899,0.0972
900,0.302
901,0.0946
902,0.3385
903,0.2107
904,0.4014
905,0.0879
906,0.1907
907,0.0487
908,0.0903
909,0.0918
910,0.1288
911,0.4231
912,0.3037
913,0.4238
914,0.1829
915,0.132
916,0.2794
917,0.4169
918,0.3943
919,0.3967
920,0.2541
921,0.4605
922,0.2557
923,0.0956
924,0.3432
925,0.2117
926,0.05
927,0.0878
928,0.1314
929,0.1697
930,0.4467
931,0.4812
932,0.4977
933,0.1722
934,0.1028
935,0.324
936,0.0748
937,0.2441
938,0.0438
939,0.2077
940,0.0518
941,0.3477
942,0.4725
943,0.2446
944,0.106
945,0.1227
946,0.2159
947,0.0347
948,0.1731
949,0.0168
950,0.2596
951,0.2258
952,0.133
953,0.0637
954,0.1313
955,0.3407
956,0.0298
957,0.2095
958,0.2276
959,0.2695
960,0.315
961,0.4905
962,0.0284
963,0.1795
964,0.2555
965,0.4888
966,0.1849
967,0.2717
968,0.2695
969,0.3596
970,0.419
971,0.3307
972,0.459
973,0.3117
974,0.2946
975,0.1904
976,0.1125
977,0.3823
978,0.0544
979,0.2121
980,0.3808
981,0.1745
982,0.2871
983,0.0538
984,0.3658
985,0.4836
986,0.4483
987,0.3755
988,0.0111
989,0.2766
990,0.2966
991,0.0462
992,0.0147
993,0.155
994,0.3981
995,0.1244
996,0.0927
997,0.3301
998,0.402
999,0.1631
1000,0.3173
1001,0.1617
1002,0.4986
1003,0.3679
1004,0.2857
1005,0.1355
1006,0.1964
1007,0.2415
1008,0.2634
1009,0.4099
1010,0.264
1011,0.3162
1012,0.2441
1013,0.0012
1014,0.1189
1015,0.3305
1016,0.1551
1017,0.1635
1018,0.361
1019,0.0869
1020,0.1329
1021,0.015
1022,0.4755
1023,0.0055
1024,0.1
1025,0.0938
1026,0.4833
1027,0.4403
1028,0.3404
1029,0.3171
1030,0.1886
1031,0.3391
1032,0.0632
1033,0.2016
1034,0.3295
1035,0.2715
1036,0.3174
1037,0.363
1038,0.2898
1039,0.2449
1040,0.4694
1041,0.2277
1042,0.4151
1043,0.3157
1044,0.0034
1045,0.2636
1046,0.138
1047,0.1929
1048,0.188
1049,0.1626
1050,0.2125
1051,0.4749
1052,0.4654
1053,0.1044
1054,0.102
1055,0.1833
1056,0.3304
1057,0.0212
1058,0.3611
1059,0.4519
1060,0.3563
1061,0.0328
1062,0.2116
1063,0.2112
1064,0.013
1065,0.4562
1066,0.0861
1067,0.0079
1068,0.1596
1069,0.2924
1070,0.1553
1071,0.0267
1072,0.1228
1073,0.4374
1074,0.295
1075,0.0243
1076,0.3653
1077,0.4095
1078,0.3063
1079,0.3901
1080,0.1521
1081,0.3533
1082,0.4637
1083,0.0539
1084,0.0983
1085,0.1531
1086,0.3299
1087,0.287
1088,0.4609
1089,0.0237
1090,0.4904
1091,0.3456
1092,0.1422
1093,0.4889
1094,0.2246
1095,0.453
1096,0.0062
1097,0.4882
1098,0.2408
1099,0.0146
1100,0.3906
1101,0.2932
1102,0.2084
1103,0.1127
1104,0.3596
1105,0.3555
1106,0.4649
1107,0.0968
1108,0.4452
1109,0.3278
1110,0.1972
1111,0.1466
1112,0.3878
1113,0.4474
1114,0.3136
1115,0.174
1116,0.0155
1117,0.2242
1118,0.3087
1119,0.4284
1120,0.4452
1121,0.3061
1122,0.1006
1123,0.398
1124,0.0641
1125,0.487
1126,0.2385
1127,0.3108
1128,0.1977
1129,0.0463
1130,0.356
1131,0.4367
1132,0.0245
1133,0.0123
1134,0.3658
1135,0.3886
1136,0.2494
1137,0.3427
1138,0.3544
1139,0.1398
1140,0.4758
1141,0.0901
1142,0.1887
1143,0.4546
1144,0.0061
1145,0.2633
1146,0.204
1147,0.3489
1148,0.4511
1149,0.1736
1150,0.2658
1151,0.2137
1152,0.2173
1153,0.3243
1154,0.4792
1155,0.0586
1156,0.1283
1157,0.2697
1158,0.3333
1159,0.0645
1160,0.4229
1161,0.2563
1162,0.3563
1163,0.4065
1164,0.3841
1165,0.2457
1166,0.0156
1167,0.0995
1168,0.0401
1169,0.1066
1170,0.3088
1171,0.3424
1172,0.2711
1173,0.0295
1174,0.1739
1175,0.4157
1176,0.1676
1177,0.2391
1178,0.3117
1179,0.0803
1180,0.203
1181,0.1113
1182,0.0942
1183,0.3236
1184,0.303
1185,0.1057
1186,0.3745
1187,0.0817
1188,0.1347
1189,0.3807
1190,0.4077
1191,0.1313
1192,0.1298
1193,0.4214
1194,0.0771
1195,0.4739
1196,0.2145
1197,0.304
1198,0.0364
1199,0.3738
1200,0.0826
1201,0.0774
1202,0.0816
1203,0.0658
1204,0.286
1205,0.3433
1206,0.288
1207,0.3758
1208,0.3412
1209,0.2814
1210,0.1753
1211,0.3291
1212,0.105
1213,0.3972
1214,0.2173
1215,0.1618
1216,0.0773
1217,0.1898
1218,0.2745
1219,0.2605
1220,0.2679
1221,0.4739
1222,0.4421
1223,0.2635
1224,0.1717
1225,0.4741
1226,0.4644
1227,0.4031
1228,0.1186
1229,0.1102
1230,0.2951
1231,0.4555
1232,0.3769
1233,0.0438
1234,0.3587
1235,0.1055
1236,0.1968
1237,0.1684
1238,0.3746
1239,0.2329
1240,0.3603
1241,0.1126
1242,0.0516
1243,0.2743
1244,0.0764
1245,0.2202
1246,0.2256
1247,0.4313
1248,0.05
1249,0.1521
1250,0.1554
1251,0.0332
1252,0.2847
1253,0.4983
1254,0.4684
1255,0.4488
1256,0.4933
1257,0.2205
1258,0.0493
1259,0.3745
1260,0.4694
1261,0.3317
1262,0.4978
1263,0.0036
1264,0.1264
1265,0.3278
1266,0.4033
1267,0.038
1268,0.194
1269,0.2598
1270,0.2478
1271,0.3195
1272,0.1553
1273,0.3431
1274,0.4197
1275,0.474
1276,0.2885
1277,0.1893
1278,0.3685
1279,0.3116
1280,0.195
1281,0.2439
1282,0.4869
1283,0.3794
1284,0.1583
1285,0.1615
1286,0.0125
1287,0.1026
1288,0.4906
1289,0.3232
1290,0.1643
1291,0.2763
1292,0.2009
1293,0.402
1294,0.0109
1295,0.2967
1296,0.3752
1297,0.0579
1298,0.4114
1299,0.4649
1300,0.0711
1301,0.3067
1302,0.3897
1303,0.0602
1304,0.2231
1305,0.0433
1306,0.1713
1307,0.011
1308,0.4363
1309,0.0659
1310,0.4772
1311,0.0837
1312,0.3548
1313,0.1839
1314,0.3672
1315,0.216
1316,0.0371
1317,0.3848
1318,0.3161
1319,0.2171
1320,0.1953
1321,0.3824
1322,0.3068
1323,0.4483
1324,0.4925
1325,0.1697
1326,0.3536
1327,0.1907
1328,0.426
1329,0.4634
1330,0.0684
1331,0.4005
1332,0.3825
1333,0.2625
1334,0.3012
1335,0.3711
1336,0.1902
1337,0.1988
1338,0.1928
1339,0.3549
1340,0.4892
1341,0.2864
1342,0.4332
1343,0.0277
1344,0.1813
1345,0.2323
1346,0.281
1347,0.2743
1348,0.1533
1349,0.3791
1350,0.223
1351,0.2503
1352,0.0897
1353,0.4184
1354,0.3349
1355,0.4155
1356,0.359
1357,0.0926
1358,0.4165
1359,0.0888
1360,0.2151
1361,0.3057
1362,0.2136
1363,0.1737
1364,0.472
1365,0.1879
1366,0.0298
1367,0.3875
1368,0.4058
1369,0.212
1370,0.4836
1371,0.4988
1372,0.3697
1373,0.0404
1374,0.3499
1375,0.3627
1376,0.2839
1377,0.207
1378,0.492
1379,0.0493
1380,0.2351
1381,0.4182
1382,0.2508
1383,0.0912
1384,0.3922
1385,0.1886
1386,0.094
1387,0.1413
1388,0.023
1389,0.4527
1390,0.0919
1391,0.2273
1392,0.0881
1393,0.23
1394,0.3123
1395,0.1496
1396,0.3248
1397,0.0204
1398,0.3446
1399,0.2153
1400,0.1376
1401,0.4642
1402,0.3639
1403,0.0296
1404,0.3033
1405,0.1008
1406,0.1605
1407,0.0766
1408,0.2931
1409,0.2821
1410,0.1243
1411,0.4126
1412,0.1179
1413,0.1761
1414,0.2869
1415,0.1423
1416,0.3921
1417,0.1044
1418,0.3557
1419,0.1453
1420,0.0119
1421,0.467
1422,0.4479
1423,0.497
1424,0.0317
1425,0.1847
1426,0.2747
1427,0.2395
1428,0.396
1429,0.4687
1430,0.0894
1431,0.128
1432,0.185
1433,0.1782
1434,0.3853
1435,0.4749
1436,0.1337
1437,0.4405
1438,0.2104
1439,0.2616
1440,0.1856
1441,0.4881
1442,0.4488
1443,0.0922
1444,0.017
1445,0.2745
1446,0.3559
1447,0.4825
1448,0.3892
1449,0.3168
1450,0.3684
1451,0.4094
1452,0.1458
1453,0.0002
1454,0.2433
1455,0.4875
1456,0.0627
1457,0.0907
1458,0.1295
1459,0.358
1460,0.2735
1461,0.434
1462,0.487
1463,0.0267
1464,0.1033
1465,0.2972
1466,0.1418
1467,0.2806
1468,0.4187
1469,0.1896
1470,0.4913
1471,0.0934
1472,0.2864
1473,0.0825
1474,0.4166
1475,0.495
1476,0.2149
1477,0.2607
1478,0.1069
1479,0.464
1480,0.3084
1481,0.3602
1482,0.3787
1483,0.2497
1484,0.497
1485,0.2511
1486,0.26
1487,0.4052
1488,0.0682
1489,0.1566
1490,0.0752
1491,0.2639
1492,0.1539
1493,0.2158
1494,0.4626
1495,0.0969
1496,0.0499
1497,0.2697
1498,0.3092
1499,0.3048
1500,0.2653
1501,0.2086
1502,0.2449
1503,0.328
1504,0.2926
1505,0.0084
1506,0.0075
1507,0.4179
1508,0.4951
1509,0.1517
1510,0.0428
1511,0.2878
1512,0.2638
1513,0.2993
1514,0.0551
1515,0.363
1516,0.2328
1517,0.2542
1518,0.1169
1519,0.2288
1520,0.3615
1521,0.1245
1522,0.4922
1523,0.0456
1524,0.394
1525,0.0095
1526,0.1743
1527,0.489
1528,0.1806
1529,0.0954
1530,0.1449
1531,0.1019
1532,0.2142
1533,0.3961
1534,0.1857
1535,0.4317
1536,0.0694
1537,0.2798
1538,0.2807
1539,0.1838
1540,0.2858
1541,0.4759
1542,0.146
1543,0.3806
1544,0.2539
1545,0.066
1546,0.4528
1547,0.1654
1548,0.385
1549,0.4846
1550,0.3512
1551,0.3677
1552,0.1186
1553,0.3198
1554,0.329
1555,0.4702
1556,0.2941
1557,0.1756
1558,0.4388
1559,0.496
1560,0.3154
1561,0.1258
1562,0.0402
1563,0.0888
1564,0.2197
1565,0.3555
1566,0.2794
1567,0.3832
1568,0.4004
1569,0.0543
1570,0.0466
1571,0.23
1572,0.2873
1573,0.4222
1574,0.3576
1575,0.3764
1576,0.1048
1577,0.337
1578,0.1965
1579,0.3532
1580,0.1247
1581,0.0865
1582,0.2832
1583,0.139
1584,0.0376
1585,0.442
1586,0.4238
1587,0.3104
1588,0.4507
1589,0.1787
1590,0.0404
1591,0.2356
1592,0.3838
1593,0.1913
1594,0.4307
1595,0.1181
1596,0.1086
1597,0.1254
1598,0.435
1599,0.4176
1600,0.1085
1601,0.0583
1602,0.4084
1603,0.3174
1604,0.3918
1605,0.047
1606,0.2397
1607,0.2307
1608,0.4375
1609,0.0651
1610,0.2216
1611,0.4445
1612,0.1407
1613,0.4299
1614,0.231
1615,0.2039
1616,0.1585
1617,0.24
1618,0.078
1619,0.0225
1620,0.3621
1621,0.0804
1622,0.3677
1623,0.4384
1624,0.2311
1625,0.4348
1626,0.1451
1627,0.3333
1628,0.4961
1629,0.0591
1630,0.002
1631,0.2056
1632,0.4034
1633,0.4609
1634,0.4706
1635,0.3472
1636,0.228
1637,0.1791
1638,0.2192
1639,0.1636
1640,0.0139
1641,0.0959
1642,0.0577
1643,0.1121
1644,0.2749
1645,0.3706
1646,0.2122
1647,0.1273
1648,0.0287
1649,0.4744
1650,0.1897
1651,0.1011
1652,0.0338
1653,0.4228
1654,0.251
1655,0.0776
1656,0.3373
1657,0.4563
1658,0.0421
1659,0.0865
1660,0.0038
1661,0.1474
1662,0.0186
1663,0.1053
1664,0.3346
1665,0.2797
1666,0.2547
1667,0.0949
1668,0.2482
1669,0.2559
1670,0.194
1671,0.05
1672,0.1478
1673,0.2732
1674,0.1017
1675,0.1509
1676,0.1748
1677,0.4428
1678,0.2587
1679,0.2131
1680,0.2309
1681,0.43
1682,0.4868
1683,0.2284
1684,0.2884
1685,0.2202
1686,0.0631
1687,0.3318
1688,0.3584
1689,0.193
1690,0.4741
1691,0.4457
1692,0.4744
1693,0.1218
1694,0.4946
1695,0.2885
1696,0.3372
1697,0.4945
1698,0.2357
1699,0.3104
1700,0.3585
1701,0.1876
1702,0.4541
1703,0.2579
1704,0.437
1705,0.0626
1706,0.4318
1707,0.4316
1708,0.0057
1709,0.0525
1710,0.2274
1711,0.454
1712,0.0182
1713,0.4167
1714,0.474
1715,0.3647
1716,0.4803
1717,0.3809
1718,0.436
1719,0.3641
1720,0.4584
1721,0.3407
1722,0.0727
1723,0.078
1724,0.028
1725,0.155
1726,0.1442
1727,0.3413
1728,0.2327
1729,0.3991
1730,0.471
1731,0.0631
1732,0.364
1733,0.1389
1734,0.0243
1735,0.175
1736,0.3122
1737,0.4974
1738,0.1932
1739,0.283
1740,0.2144
1741,0.2405
1742,0.3954
1743,0.1594
1744,0.4703
1745,0.2078
1746,0.3075
1747,0.2156
1748,0.207
1749,0.1179
1750,0.0523
1751,0.0393
1752,0.1299
1753,0.3084
1754,0.3615
1755,0.4863
1756,0.0737
1757,0.0249
1758,0.4035
1759,0.2925
1760,0.4543
1761,0.2284
1762,0.0737
1763,0.1812
1764,0.1499
1765,0.0877
1766,0.4925
1767,0.4623
1768,0.3949
1769,0.0945
1770,0.471
1771,0.0054
1772,0.1175
1773,0.0483
1774,0.0663
1775,0.1562
1776,0.209
1777,0.3314
1778,0.0501
1779,0.0891
1780,0.068
1781,0.3209
1782,0.3167
1783,0.1756
1784,0.126
1785,0.3051
1786,0.2401
1787,0.4467
1788,0.1613
1789,0.1576
1790,0.4591
1791,0.3898
1792,0.2052
1793,0.0632
1794,0.0551
1795,0.2086
1796,0.2849
1797,0.3181
1798,0.2075
1799,0.0531
1800,0.0177
1801,0.2349
1802,0.4405
1803,0.0227
1804,0.0576
1805,0.2569
1806,0.4085
1807,0.0854
1808,0.1592
1809,0.044
1810,0.258
1811,0.4547
1812,0.3168
1813,0.0462
1814,0.2849
1815,0.0649
1816,0.1652
1817,0.3451
1818,0.4254
1819,0.3964
1820,0.3576
1821,0.0569
1822,0.0046
1823,0.2372
1824,0.3747
1825,0.3606
1826,0.3714
1827,0.1413
1828,0.2683
1829,0.2963
1830,0.0713
1831,0.244
1832,0.3474
1833,0.3465
1834,0.015
1835,0.1407
1836,0.4206
1837,0.2603
1838,0.1814
1839,0.4963
1840,0.2371
1841,0.0098
1842,0.0957
1843,0.0502
1844,0.2943
1845,0.2584
1846,0.2328
1847,0.2979
1848,0.3841
1849,0.1826
1850,0.2081
1851,0.1599
1852,0.126
1853,0.3678
1854,0.4575
1855,0.0616
1856,0.2112
1857,0.2435
1858,0.1223
1859,0.1932
1860,0.1712
1861,0.2745
1862,0.3083
1863,0.4131
1864,0.1342
1865,0.4101
1866,0.1018
1867,0.1392
1868,0.2153
1869,0.3487
1870,0.1496
1871,0.2607
1872,0.1455
1873,0.0031
1874,0.3521
1875,0.1506
1876,0.2233
1877,0.0209
1878,0.1364
1879,0.2286
1880,0.099
1881,0.1281
1882,0.4658
1883,0.2008
1884,0.4562
1885,0.145
1886,0.3789
1887,0.2644
1888,0.2114
1889,0.2782
1890,0.4591
1891,0.1915
1892,0.4922
1893,0.2819
1894,0.3291
1895,0.2384
1896,0.4831
1897,0.2713
1898,0.2374
1899,0.4558
1900,0.4465
1901,0.1872
1902,0.0834
1903,0.1413
1904,0.0839
1905,0.0083
1906,0.1171
1907,0.0971
1908,0.1497
1909,0.3566
1910,0.1895
1911,0.3212
1912,0.1644
1913,0.3604
1914,0.2105
1915,0.4355
1916,0.1037
1917,0.4866
1918,0.2135
1919,0.4518
1920,0.4921
1921,0.2519
1922,0.1452
1923,0.2087
1924,0.4295
1925,0.3597
1926,0.0872
1927,0.336
1928,0.4781
1929,0.3824
1930,0.2202
1931,0.3332
1932,0.3988
1933,0.0562
1934,0.2139
1935,0.3178
1936,0.1419
1937,0.2648
1938,0.2835
1939,0.2957
1940,0.1071
1941,0.3436
1942,0.4004
1943,0.0789
1944,0.4878
1945,0.3275
1946,0.3448
1947,0.311
1948,0.4686
1949,0.127
1950,0.2601
1951,0.156
1952,0.1596
1953,0.0621
1954,0.4341
1955,0.4752
1956,0.1786
1957,0.3804
1958,0.0782
1959,0.0452
1960,0.4618
1961,0.2727
1962,0.4947
1963,0.1979
1964,0.1441
1965,0.1022
1966,0.409
1967,0.3488
1968,0.1544
1969,0.0177
1970,0.3643
1971,0.1883
1972,0.2669
1973,0.4477
1974,0.4423
1975,0.2571
1976,0.2778
1977,0.3814
1978,0.2984
1979,0.3522
1980,0.3167
1981,0.141
1982,0.4544
1983,0.4791
1984,0.2652
1985,0.0036
1986,0.0953
1987,0.1396
1988,0.1415
1989,0.1279
1990,0.0952
1991,0.3578
1992,0.2055
1993,0.3423
1994,0.1009
1995,0.2615
1996,0.3783
1997,0.2949
1998,0.4135
1999,0.2152
2000,0.1512
2001,0.1493
2002,0.1652
2003,0.1769
2004,0.2709
2005,0.0567
2006,0.202
2007,0.374
2008,0.0898
2009,0.1798
2010,0.0797
2011,0.481
2012,0.0424
2013,0.2736
2014,0.0403
2015,0.3451
2016,0.0635
2017,0.423
2018,0.0867
2019,0.0713
2020,0.2788
2021,0.3859
2022,0.4759
2023,0.4049
2024,0.4265
2025,0.2049
2026,0.4736
2027,0.0379
2028,0.3172
2029,0.121
2030,0.0854
2031,0.3537
2032,0.1118
2033,0.3955
2034,0.1348
2035,0.2044
2036,0.1295
2037,0.2774
2038,0.256
2039,0.1354
2040,0.2898
2041,0.0035
2042,0.2664
2043,0.2979
2044,0.0041
2045,0.4105
2046,0.4997
2047,0.1566
2048,0.3917
2049,0.0337
2050,0.3854
2051,0.4563
2052,0.1373
2053,0.4188
2054,0.0706
2055,0.0693
2056,0.1561
2057,0.2025
2058,0.1919
2059,0.2044
2060,0.2212
2061,0.4678
2062,0.0562
2063,0.1344
2064,0.1863
2065,0.4975
2066,0.4551
2067,0.2157
2068,0.441
2069,0.1415
2070,0.0439
2071,0.2993
2072,0.2938
2073,0.1287
2074,0.0768
2075,0.3317
2076,0.3041
2077,0.1132
2078,0.2116
2079,0.3777
2080,0.1978
2081,0.1653
2082,0.3068
2083,0.1733
2084,0.0806
2085,0.0041
2086,0.3517
2087,0.0133
2088,0.0908
2089,0.0096
2090,0.2118
2091,0.3489
2092,0.4987
2093,0.4356
2094,0.0828
2095,0.2909
2096,0.3946
2097,0.1809
2098,0.4914
2099,0.4492
2100,0.0422
2101,0.2207
2102,0.4188
2103,0.4681
2104,0.0481
2105,0.338
2106,0.0106
2107,0.3605
2108,0.1613
2109,0.0128
2110,0.0113
2111,0.1314
2112,0.3004
2113,0.0503
2114,0.418
2115,0.4142
2116,0.4357
2117,0.0676
2118,0.1815
2119,0.4565
2120,0.265
2121,0.0943
2122,0.4702
2123,0.4986
2124,0.4997
2125,0.0912
2126,0.2123
2127,0.2219
2128,0.4028
2129,0.073
2130,0.4729
2131,0.0453
2132,0.2564
2133,0.1942
2134,0.0153
2135,0.4098
2136,0.0907
2137,0.4085
2138,0.3659
2139,0.3907
2140,0.1684
2141,0.1727
2142,0.3537
2143,0.3688
2144,0.4205
2145,0.1686
2146,0.2379
2147,0.3422
2148,0.0077
2149,0.1418
2150,0.3243
2151,0.494
2152,0.4287
2153,0.1697
2154,0.0127
2155,0.4467
2156,0.0989
2157,0.4436
2158,0.2976
2159,0.3132
2160,0.1032
2161,0.0016
2162,0.3626
2163,0.493
2164,0.3519
2165,0.3548
2166,0.1909
2167,0.4019
2168,0.2439
2169,0.4337
2170,0.3826
2171,0.0147
2172,0.4523
2173,0.3079
2174,0.1551
2175,0.2373
2176,0.0877
2177,0.4211
2178,0.2209
2179,0.0252
2180,0.2287
2181,0.0449
2182,0.1384
2183,0.024
2184,0.3048
2185,0.0112
2186,0.0007
2187,0.12
2188,0.0935
2189,0.1792
2190,0.1468
2191,0.2427
2192,0.136
2193,0.1466
2194,0.1085
2195,0.3815
2196,0.0366
2197,0.2637
2198,0.0554
2199,0.2153
2200,0.3453
2201,0.0834
2202,0.3242
2203,0.4991
2204,0.2735
2205,0.4448
2206,0.0535
2207,0.0817
2208,0.2646
2209,0.229
2210,0.2736
2211,0.2829
2212,0.2196
2213,0.1525
2214,0.4698
2215,0.0922
2216,0.0073
2217,0.4716
2218,0.3266
2219,0.3699
2220,0.0741
2221,0.0914
2222,0.2245
2223,0.4842
2224,0.1061
2225,0.4826
2226,0.0694
2227,0.2079
2228,0.4877
2229,0.4363
2230,0.1468
2231,0.2871
2232,0.464
2233,0.1939
2234,0.1835
2235,0.2708
2236,0.0758
2237,0.3989
2238,0.3393
2239,0.3158
2240,0.1937
2241,0.366
2242,0.4362
2243,0.0431
2244,0.0352
2245,0.4459
2246,0.0058
2247,0.027
2248,0.4767
2249,0.3337
2250,0.3821
2251,0.2822
2252,0.3943
2253,0.2357
2254,0.3129
2255,0.1605
2256,0.1008
2257,0.0852
2258,0.0335
2259,0.1802
2260,0.2479
2261,0.0855
2262,0.1615
2263,0.0812
2264,0.4417
2265,0.0879
2266,0.2685
2267,0.3767
2268,0.1393
2269,0.1947
2270,0.1468
2271,0.0582
2272,0.214
2273,0.2634
2274,0.1519
2275,0.3409
2276,0.4224
2277,0.488
2278,0.1548
2279,0.1262
2280,0.1522
2281,0.1609
2282,0.3334
2283,0.4804
2284,0.316
2285,0.365
2286,0.058
2287,0.4567
2288,0.0826
2289,0.0745
2290,0.316
2291,0.4063
2292,0.4822
2293,0.3069
2294,0.0644
2295,0.0779
2296,0.3598
2297,0.1232
2298,0.0326
2299,0.1578
2300,0.3755
2301,0.392
2302,0.0468
2303,0.2765
2304,0.465
2305,0.4143
2306,0.4251
2307,0.4453
2308,0.4341
2309,0.1398
2310,0.1941
2311,0.4142
2312,0.4063
2313,0.1672
2314,0.4788
2315,0.3915
2316,0.1937
2317,0.258
2318,0.0712
2319,0.2502
2320,0.2793
2321,0.2823
2322,0.1011
2323,0.2416
2324,0.1827
2325,0.0882
2326,0.3394
2327,0.3881
2328,0.2611
2329,0.3904
2330,0.4441
2331,0.2162
2332,0.412
2333,0.4815
2334,0.4435
2335,0.3127
2336,0.4926
2337,0.2268
2338,0.4728
2339,0.2673
2340,0.3068
2341,0.1149
2342,0.0531
2343,0.4753
2344,0.3947
2345,0.0052
2346,0.4632
2347,0.0629
2348,0.2353
2349,0.3469
2350,0.1084
2351,0.3011
2352,0.1467
2353,0.0087
2354,0.3587
2355,0.2507
2356,0.0828
2357,0.0585
2358,0.4067
2359,0.3947
2360,0.4915
2361,0.4398
2362,0.0963
2363,0.3693
2364,0.1362
2365,0.1199
2366,0.307
2367,0.3854
2368,0.1553
2369,0.2157
2370,0.2095
2371,0.2149
2372,0.1971
2373,0.3375
2374,0.0862
2375,0.1167
2376,0.212
2377,0.2805
2378,0.0236
2379,0.3719
2380,0.3055
2381,0.0827
2382,0.2152
2383,0.1497
2384,0.4708
2385,0.2422
2386,0.362
2387,0.3045
2388,0.0027
2389,0.4877
2390,0.1559
2391,0.2528
2392,0.4016
2393,0.1008
2394,0.3068
2395,0.0913
2396,0.1012
2397,0.3812
2398,0.1043
2399,0.3054
2400,0.0404
2401,0.4136
2402,0.3331
2403,0.1547
2404,0.1801
2405,0.1238
2406,0.1726
2407,0.2437
2408,0.3348
2409,0.395
2410,0.1442
2411,0.1408
2412,0.0201
2413,0.2286
2414,0.4072
2415,0.1326
2416,0.1932
2417,0.1307
2418,0.0462
2419,0.462
2420,0.274
2421,0.3471
2422,0.0297
2423,0.0057
2424,0.0781
2425,0.0725
2426,0.2409
2427,0.435
2428,0.403
2429,0.4338
2430,0.0815
2431,0.0771
2432,0.0393
2433,0.4221
2434,0.4765
2435,0.1547
2436,0.1732
2437,0.3708
2438,0.276
2439,0.4706
2440,0.4421
2441,0.4727
2442,0.2754
2443,0.1842
2444,0.1596
2445,0.4772
2446,0.3105
2447,0.4171
2448,0.1377
2449,0.3452
2450,0.2712
2451,0.4666
2452,0.4628
2453,0.2966
2454,0.3657
2455,0.1187
2456,0.1762
2457,0.3503
2458,0.1989
2459,0.1669
2460,0.3317
2461,0.4737
2462,0.0443
2463,0.0886
2464,0.0504
2465,0.2076
2466,0.2875
2467,0.4321
2468,0.2069
2469,0.1541
2470,0.4952
2471,0.2556
2472,0.2353
2473,0.1649
2474,0.3741
2475,0.087
2476,0.4844
2477,0.0132
2478,0.2178
2479,0.3585
2480,0.2362
2481,0.0219
2482,0.141
2483,0.3151
2484,0.4845
2485,0.1275
2486,0.2498
2487,0.3857
2488,0.0543
2489,0.3385
2490,0.3107
2491,0.3247
2492,0.13
2493,0.3986
2494,0.1284
2495,0.1175
2496,0.2949
2497,0.4195
2498,0.2145
2499,0.4352
2500,0.1676
2501,0.4297
2502,0.375
2503,0.0854
2504,0.0055
2505,0.2484
2506,0.3998
2507,0.4533
2508,0.269
2509,0.208
2510,0.1283
2511,0.2476
2512,0.0561
2513,0.3052
2514,0.2052
2515,0.3993
2516,0.3444
2517,0.3561
2518,0.1628
2519,0.4812
2520,0.3233
2521,0.0232
2522,0.1076
2523,0.421
2524,0.2017
2525,0.1449
2526,0.4203
2527,0.0648
2528,0.0277
2529,0.208
2530,0.307
2531,0.2249
2532,0.3319
2533,0.4663
2534,0.4091
2535,0.4268
2536,0.0495
2537,0.2283
2538,0.1063
2539,0.0724
2540,0.1183
2541,0.131
2542,0.0126
2543,0.1092
2544,0.4568
2545,0.0489
2546,0.3678
2547,0.389
2548,0.3229
2549,0.4834
2550,0.4144
2551,0.4756
2552,0.038
2553,0.1658
2554,0.099
2555,0.327
2556,0.2077
2557,0.3405
2558,0.4902
2559,0.0334
2560,0.3582
2561,0.4049
2562,0.2706
2563,0.4254
2564,0.4454
2565,0.3025
2566,0.1226
2567,0.2489
2568,0.0319
2569,0.4942
2570,0.1477
2571,0.2231
2572,0.0404
2573,0.3832
2574,0.3413
2575,0.1282
2576,0.4363
2577,0.4405
2578,0.4131
2579,0.318
2580,0.3212
2581,0.0971
2582,0.3335
2583,0.2909
2584,0.1372
2585,0.1988
2586,0.3903
2587,0.1609
2588,0.1044
2589,0.459
2590,0.0174
2591,0.3416
2592,0.1742
2593,0.3061
2594,0.0968
2595,0.2023
2596,0.3785
2597,0.135
2598,0.1456
2599,0.122
2600,0.2618
2601,0.2046
2602,0.2615
2603,0.1558
2604,0.1237
2605,0.2529
2606,0.0854
2607,0.3636
2608,0.3105
2609,0.2288
2610,0.3877
2611,0.1803
2612,0.0218
2613,0.1887
2614,0.4006
2615,0.4925
2616,0.2011
2617,0.1449
2618,0.3315
2619,0.2253
2620,0.0272
2621,0.1391
2622,0.3139
2623,0.0384
2624,0.1115
2625,0.3982
2626,0.0763
2627,0.0602
2628,0.0666
2629,0.1433
2630,0.1775
2631,0.3111
2632,0.3348
2633,0.3258
2634,0.4001
2635,0.225
2636,0.4693
2637,0.0633
2638,0.2248
2639,0.3356
2640,0.497
2641,0.1844
2642,0.0669
2643,0.1287
2644,0.4641
2645,0.4079
2646,0.0823
2647,0.0877
2648,0.1491
2649,0.0641
2650,0.2161
2651,0.2756
2652,0.4035
2653,0.0703
2654,0.2393
2655,0.1885
2656,0.4486
2657,0.0598
2658,0.3102
2659,0.3516
2660,0.4539
2661,0.3181
2662,0.0723
2663,0.2903
2664,0.302
2665,0.2766
2666,0.2001
2667,0.0658
2668,0.2051
2669,0.4184
2670,0.0831
2671,0.0562
2672,0.3982
2673,0.4383
2674,0.0543
2675,0.258
2676,0.4076
2677,0.4561
2678,0.1004
2679,0.3691
2680,0.0199
2681,0.1766
2682,0.2198
2683,0.0184
2684,0.4232
2685,0.1604
2686,0.1998
2687,0.4771
2688,0.0117
2689,0.4535
2690,0.0329
2691,0.0301
2692,0.0538
2693,0.2649
2694,0.1936
2695,0.2311
2696,0.3559
2697,0.0546
2698,0.1301
2699,0.1741
2700,0.4809
2701,0.1976
2702,0.046
2703,0.435
2704,0.1314
2705,0.2883
2706,0.3065
2707,0.1394
2708,0.1951
2709,0.33
2710,0.1401
2711,0.1521
2712,0.0674
2713,0.2859
2714,0.4088
2715,0.2649
2716,0.3851
2717,0.2627
2718,0.0769
2719,0.3326
2720,0.0923
2721,0.3354
2722,0.0672
2723,0.468
2724,0.148
2725,0.3495
2726,0.3375
2727,0.1699
2728,0.3381
2729,0.1309
2730,0.2942
2731,0.134
2732,0.2552
2733,0.0268
2734,0.0989
2735,0.4027
2736,0.0625
2737,0.2078
2738,0.2197
2739,0.1188
2740,0.0285
2741,0.3643
2742,0.3768
2743,0.2883
2744,0.2012
2745,0.1692
2746,0.0113
2747,0.1519
2748,0.132
2749,0.3855
2750,0.4436
2751,0.3997
2752,0.0733
2753,0.4832
2754,0.246
2755,0.3237
2756,0.0547
2757,0.4093
2758,0.3403
2759,0.2888
2760,0.0581
2761,0.0655
2762,0.0252
2763,0.1021
2764,0.147
2765,0.2314
2766,0.0028
2767,0.0524
2768,0.3614
2769,0.4304
2770,0.0257
2771,0.4373
2772,0.2449
2773,0.4459
2774,0.4661
2775,0.3928
2776,0.4796
2777,0.1281
2778,0.4024
2779,0.393
2780,0.0579
2781,0.1113
2782,0.2183
2783,0.2316
2784,0.1006
2785,0.3276
2786,0.3622
2787,0.3968
2788,0.0003
2789,0.3589
2790,0.2915
2791,0.0225
2792,0.0186
2793,0.1124
2794,0.0527
2795,0.2225
2796,0.3791
2797,0.3417
2798,0.3448
2799,0.3106
2800,0.1177
2801,0.0175
2802,0.3622
2803,0.2813
2804,0.2906
2805,0.1852
2806,0.3114
2807,0.4518
2808,0.3435
2809,0.0119
2810,0.1958
2811,0.2585
2812,0.042
2813,0.4933
2814,0.2165
2815,0.1162
2816,0.3449
2817,0.0711
2818,0.0799
2819,0.4255
2820,0.2099
2821,0.1356
2822,0.2756
2823,0.0697
2824,0.1874
2825,0.1874
2826,0.1096
2827,0.1167
2828,0.338
2829,0.2594
2830,0.1598
2831,0.184
2832,0.2022
2833,0.0514
2834,0.1626
2835,0.3168
2836,0.1172
2837,0.1405
2838,0.1197
2839,0.4224
2840,0.1612
2841,0.4511
2842,0.1939
2843,0.103
2844,0.437
2845,0.4381
2846,0.4243
2847,0.2906
2848,0.3066
2849,0.4865
2850,0.4458
2851,0.1212
2852,0.1036
2853,0.1723
2854,0.332
2855,0.2422
2856,0.381
2857,0.0828
2858,0.046
2859,0.0299
2860,0.0313
2861,0.1851
2862,0.2055
2863,0.4163
2864,0.4428
2865,0.3018
2866,0.1469
2867,0.4889
2868,0.457
2869,0.2527
2870,0.4125
2871,0.0955
2872,0.2557
2873,0.0097
2874,0.3597
2875,0.4675
2876,0.1495
2877,0.308
2878,0.2267
2879,0.1829
2880,0.4129
2881,0.1732
2882,0.1027
2883,0.4389
2884,0.1609
2885,0.1656
2886,0.0183
2887,0.4045
2888,0.4486
2889,0.0214
2890,0.2083
2891,0.2036
2892,0.1637
2893,0.4669
2894,0.3517
2895,0.2299
2896,0.4069
2897,0.1411
2898,0.4623
2899,0.2961
2900,0.3104
2901,0.1566
2902,0.1281
2903,0.2582
2904,0.3212
2905,0.4898
2906,0.2501
2907,0.1288
2908,0.4466
2909,0.2136
2910,0.0277
2911,0.4756
2912,0.3568
2913,0.1405
2914,0.0846
2915,0.0384
2916,0.4061
2917,0.1816
2918,0.4315
2919,0.3587
2920,0.473
2921,0.4892
2922,0.4983
2923,0.1366
2924,0.2256
2925,0.4804
2926,0.2911
2927,0.0652
2928,0.4719
2929,0.0169
2930,0.3186
2931,0.1809
2932,0.3951
2933,0.0963
2934,0.4175
2935,0.2734
2936,0.4798
2937,0.2709
2938,0.1168
2939,0.2371
2940,0.3567
2941,0.0116
2942,0.4486
2943,0.4486
2944,0.0066
2945,0.4907
2946,0.4952
2947,0.05
2948,0.2787
2949,0.1294
2950,0.2813
2951,0.4232
2952,0.22
2953,0.3649
2954,0.2269
2955,0.1925
2956,0.1429
2957,0.378
2958,0.2353
2959,0.3614
2960,0.2413
2961,0.2587
2962,0.2315
2963,0.4897
2964,0.2629
2965,0.0028
2966,0.0481
2967,0.4244
2968,0.0725
2969,0.3873
2970,0.3945
2971,0.3829
2972,0.2747
2973,0.4782
2974,0.2602
2975,0.4501
2976,0.0946
2977,0.0451
2978,0.0714
2979,0.2837
2980,0.1841
2981,0.3229
2982,0.2231
2983,0.4166
2984,0.3226
2985,0.203
2986,0.1365
2987,0.2513
2988,0.2771
2989,0.3242
2990,0.4842
2991,0.0553
2992,0.4378
2993,0.4302
2994,0.4163
2995,0.1988
2996,0.0107
2997,0.4764
2998,0.3778
2999,0.4754
3000,0.3547
3001,0.4261
3002,0.2606
3003,0.4622
3004,0.3283
3005,0.2909
3006,0.1678
3007,0.279
3008,0.2679
3009,0.322
3010,0.4927
3011,0.2365
3012,0.248
3013,0.203
3014,0.2755
3015,0.1159
3016,0.1116
3017,0.3779
3018,0.2559
3019,0.1925
3020,0.4222
3021,0.2539
3022,0.2962
3023,0.4472
3024,0.0111
3025,0.0424
3026,0.3503
3027,0.2177
3028,0.0792
3029,0.354
3030,0.14
3031,0.3611
3032,0.4997
3033,0.4693
3034,0.0695
3035,0.2931
3036,0.0177
3037,0.4118
3038,0.4312
3039,0.3338
3040,0.1025
3041,0.0812
3042,0.2015
3043,0.3736
3044,0.4468
3045,0.0419
3046,0.2438
3047,0.2184
3048,0.0187
3049,0.1783
3050,0.3589
3051,0.3694
3052,0.247
3053,0.075
3054,0.417
3055,0.1752
3056,0.3905
3057,0.0036
3058,0.4746
3059,0.4042
3060,0.0397
3061,0.2701
3062,0.3988
3063,0.0877
3064,0.2672
3065,0.4749
3066,0.4716
3067,0.1624
3068,0.3691
3069,0.1135
3070,0.2295
3071,0.311
3072,0.331
3073,0.3521
3074,0.0901
3075,0.2563
3076,0.4545
3077,0.3938
3078,0.3107
3079,0.4331
3080,0.3653
3081,0.2433
3082,0.1289
3083,0.4716
3084,0.3927
3085,0.1987
3086,0.3651
3087,0.0745
3088,0.2749
3089,0.1855
3090,0.4356
3091,0.0676
3092,0.2384
3093,0.2405
3094,0.4584
3095,0.4617
3096,0.2277
3097,0.0916
3098,0.3761
3099,0.257
3100,0.2425
3101,0.153
3102,0.3351
3103,0.403
3104,0.0019
3105,0.1801
3106,0.0854
3107,0.3187
3108,0.0068
3109,0.4323
3110,0.353
3111,0.477
3112,0.2687
3113,0.0832
3114,0.04
3115,0.0294
3116,0.0561
3117,0.3532
3118,0.0176
3119,0.4959
3120,0.2641
3121,0.4309
3122,0.1476
3123,0.2743
3124,0.2531
3125,0.1841
3126,0.3548
3127,0.4894
3128,0.115
3129,0.4871
3130,0.0043
3131,0.2277
3132,0.3895
3133,0.0372
3134,0.0952
3135,0.2533
3136,0.4691
3137,0.4303
3138,0.1456
3139,0.2715
3140,0.034
3141,0.3027
3142,0.4878
3143,0.2065
3144,0.3938
3145,0.3013
3146,0.4533
3147,0.3217
3148,0.1404
3149,0.3896
3150,0.3723
3151,0.0369
3152,0.3688
3153,0.3467
3154,0.2819
3155,0.4093
3156,0.0467
3157,0.1078
3158,0.3806
3159,0.4673
3160,0.2152
3161,0.1874
3162,0.2893
3163,0.4747
3164,0.3434
3165,0.4754
3166,0.2572
3167,0.0764
3168,0.2607
3169,0.2662
3170,0.1253
3171,0.4439
3172,0.0468
3173,0.2184
3174,0.1131
3175,0.382
3176,0.0961
3177,0.0376
3178,0.3853
3179,0.0116
3180,0.0623
3181,0.3524
3182,0.0853
3183,0.1043
3184,0.1111
3185,0.3177
3186,0.4275
3187,0.1043
3188,0.2919
3189,0.416
3190,0.379
3191,0.0733
3192,0.2353
3193,0.1686
3194,0.0742
3195,0.3464
3196,0.4851
3197,0.4559
3198,0.2717
3199,0.3796
3200,0.2296
3201,0.1482
3202,0.0219
3203,0.3474
3204,0.1929
3205,0.2965
3206,0.473
3207,0.4749
3208,0.1948
3209,0.4786
3210,0.206
3211,0.2164
3212,0.2342
3213,0.4186
3214,0.3021
3215,0.2444
3216,0.1813
3217,0.0887
3218,0.4777
3219,0.1774
3220,0.439
3221,0.4836
3222,0.4343
3223,0.4669
3224,0.2979
3225,0.2167
3226,0.0768
3227,0.4035
3228,0.4554
3229,0.2584
3230,0.4052
3231,0.278
3232,0.1856
3233,0.0391
3234,0.4619
3235,0.2058
3236,0.2778
3237,0.2491
3238,0.1846
3239,0.3896
3240,0.1191
3241,0.2623
3242,0.4116
3243,0.4534
3244,0.3536
3245,0.261
3246,0.2818
3247,0.2182
3248,0.158
3249,0.1414
3250,0.3329
3251,0.2977
3252,0.1189
3253,0.1782
3254,0.4971
3255,0.2052
3256,0.4225
3257,0.2413
3258,0.2644
3259,0.1571
3260,0.2539
3261,0.4153
3262,0.3323
3263,0.1536
3264,0.4344
3265,0.128
3266,0.1189
3267,0.3258
3268,0.0685
3269,0.1426
3270,0.0135
3271,0.3454
3272,0.1969
3273,0.0101
3274,0.0598
3275,0.3783
3276,0.0696
3277,0.0165
3278,0.3711
3279,0.3764
3280,0.48
3281,0.3732
3282,0.213
3283,0.1766
3284,0.4352
3285,0.088
3286,0.2147
3287,0.2871
3288,0.1219
3289,0.194
3290,0.104
3291,0.44
3292,0.0601
3293,0.3007
3294,0.435
3295,0.189
3296,0.1433
3297,0.1984
3298,0.3511
3299,0.2038
3300,0.0419
3301,0.3546
3302,0.4124
3303,0.1825
3304,0.2552
3305,0.1679
3306,0.2039
3307,0.4462
3308,0.1894
3309,0.4561
3310,0.4099
3311,0.2707
3312,0.1353
3313,0.0549
3314,0.0466
3315,0.2978
3316,0.1588
3317,0.1217
3318,0.0166
3319,0.1989
3320,0.0054
3321,0.0578
3322,0.0896
3323,0.0935
3324,0.3986
3325,0.4528
3326,0.118
3327,0.087
3328,0.4851
3329,0.0972
3330,0.4187
3331,0.3499
3332,0.4487
3333,0.016
3334,0.0075
3335,0.1779
3336,0.4624
3337,0.0021
3338,0.4046
3339,0.0647
3340,0.2358
3341,0.1603
3342,0.0933
3343,0.2206
3344,0.1285
3345,0.3041
3346,0.3838
3347,0.0533
3348,0.4614
3349,0.4325
3350,0.0004
3351,0.0445
3352,0.3053
3353,0.2301
3354,0.0269
3355,0.1839
3356,0.1824
3357,0.0583
3358,0.4652
3359,0.3242
3360,0.4981
3361,0.4408
3362,0.1168
3363,0.0701
3364,0.0248
3365,0.1389
3366,0.1964
3367,0.2708
3368,0.1605
3369,0.3605
3370,0.2528
3371,0.2998
3372,0.2986
3373,0.1984
3374,0.2278
3375,0.3581
3376,0.2734
3377,0.3236
3378,0.1729
3379,0.1757
3380,0.1855
3381,0.1377
3382,0.2031
3383,0.045
3384,0.2327
3385,0.4577
3386,0.3237
3387,0.0863
3388,0.4701
3389,0.2352
3390,0.3135
3391,0.2391
3392,0.0167
3393,0.4139
3394,0.4767
3395,0.4618
3396,0.0912
3397,0.4734
3398,0.205
3399,0.3814
3400,0.326
3401,0.1707
3402,0.398
3403,0.1018
3404,0.0185
3405,0.1094
3406,0.2336
3407,0.4136
3408,0.3008
3409,0.1531
3410,0.0323
3411,0.1963
3412,0.3127
3413,0.3186
3414,0.2701
3415,0.0271
3416,0.3303
3417,0.2312
3418,0.2784
3419,0.2755
3420,0.4434
3421,0.2758
3422,0.3004
3423,0.4314
3424,0.2489
3425,0.3452
3426,0.344
3427,0.029
3428,0.2519
3429,0.0687
3430,0.439
3431,0.1045
3432,0.3374
3433,0.4398
3434,0.2576
3435,0.2011
3436,0.486
3437,0.4244
3438,0.2392
3439,0.1498
3440,0.1662
3441,0.4914
3442,0.1787
3443,0.1108
3444,0.1143
3445,0.1939
3446,0.4981
3447,0.2004
3448,0.1682
3449,0.0445
3450,0.278
3451,0.4156
3452,0.4245
3453,0.2717
3454,0.1299
3455,0.453
3456,0.4029
3457,0.4662
3458,0.2385
3459,0.1658
3460,0.215
3461,0.0116
3462,0.3815
3463,0.1296
3464,0.3097
3465,0.411
3466,0.0514
3467,0.0374
3468,0.4344
3469,0.1379
3470,0.4241
3471,0.2251
3472,0.0476
3473,0.4739
3474,0.4551
3475,0.2336
3476,0.1923
3477,0.3923
3478,0.3912
3479,0.2515
3480,0.3381
3481,0.0542
3482,0.0992
3483,0.0169
3484,0.354
3485,0.0897
3486,0.1421
3487,0.193
3488,0.2443
3489,0.2631
3490,0.0091
3491,0.3172
3492,0.2082
3493,0.0156
3494,0.1979
3495,0.3908
3496,0.2735
3497,0.2641
3498,0.1169
3499,0.0709
3500,0.443
3501,0.1423
3502,0.1973
3503,0.3538
3504,0.3187
3505,0.1815
3506,0.252
3507,0.0748
3508,0.019
3509,0.0709
3510,0.0065
3511,0.0181
3512,0.42
3513,0.0465
3514,0.356
3515,0.3901
3516,0.0491
3517,0.0992
3518,0.3375
3519,0.1846
3520,0.4131
3521,0.4929
3522,0.1513
3523,0.0405
3524,0.0379
3525,0.4202
3526,0.1597
3527,0.2761
3528,0.4196
3529,0.034
3530,0.0452
3531,0.1468
3532,0.0365
3533,0.449
3534,0.3868
3535,0.498
3536,0.4309
3537,0.4197
3538,0.201
3539,0.4596
3540,0.4926
3541,0.3703
3542,0.4428
3543,0.2851
3544,0.3751
3545,0.286
3546,0.0568
3547,0.4575
3548,0.4881
3549,0.0124
3550,0.3001
3551,0.4108
3552,0.0766
3553,0.2746
3554,0.446
3555,0.443
3556,0.2896
3557,0.0178
3558,0.4173
3559,0.2787
3560,0.0064
3561,0.0943
3562,0.4918
3563,0.2279
3564,0.3852
3565,0.1637
3566,0.3954
3567,0.4538
3568,0.1466
3569,0.2908
3570,0.4669
3571,0.033
3572,0.1989
3573,0.4663
3574,0.117
3575,0.0839
3576,0.4481
3577,0.4493
3578,0.0954
3579,0.0752
3580,0.4417
3581,0.4815
3582,0.2515
3583,0.4922
3584,0.2957
3585,0.4134
3586,0.0285
3587,0.1323
3588,0.3597
3589,0.3154
3590,0.3119
3591,0.0349
3592,0.2661
3593,0.0242
3594,0.4826
3595,0.1548
3596,0.173
3597,0.3918
3598,0.1286
3599,0.0987
3600,0.0453
3601,0.2446
3602,0.306
3603,0.4097
3604,0.1427
3605,0.4621
3606,0.1807
3607,0.0656
3608,0.2403
3609,0.1006
3610,0.3727
3611,0.0459
3612,0.1209
3613,0.1813
3614,0.3732
3615,0.2503
3616,0.4056
3617,0.0609
3618,0.0027
3619,0.1723
3620,0.1372
3621,0.4327
3622,0.1844
3623,0.1546
3624,0.3571
3625,0.4906
3626,0.2381
3627,0.4038
3628,0.0451
3629,0.4748
3630,0.4593
3631,0.4439
3632,0.2079
3633,0.1648
3634,0.2142
3635,0.3018
3636,0.2199
3637,0.3779
3638,0.4091
3639,0.4371
3640,0.4807
3641,0.0323
3642,0.0448
3643,0.0636
3644,0.3954
3645,0.3178
3646,0.4075
3647,0.2158
3648,0.0546
3649,0.2509
3650,0.3656
3651,0.2187
3652,0.3756
3653,0.2678
3654,0.382
3655,0.403
3656,0.2631
3657,0.3653
3658,0.401
3659,0.3586
3660,0.3179
3661,0.2184
3662,0.244
3663,0.1921
3664,0.0438
3665,0.1257
3666,0.3293
3667,0.3622
3668,0.4851
3669,0.292
3670,0.1677
3671,0.1359
3672,0.1607
3673,0.4892
3674,0.3735
3675,0.2813
3676,0.4438
3677,0.0149
3678,0.371
3679,0.2542
3680,0.013
3681,0.4639
3682,0.0965
3683,0.4933
3684,0.1324
3685,0.4396
3686,0.1581
3687,0.2259
3688,0.1542
3689,0.1915
3690,0.3764
3691,0.2012
3692,0.4032
3693,0.2805
3694,0.3029
3695,0.0628
3696,0.1016
3697,0.4437
3698,0.2076
3699,0.1761
3700,0.4981
3701,0.1086
3702,0.3309
3703,0.1277
3704,0.2023
3705,0.3014
3706,0.2133
3707,0.3652
3708,0.263
3709,0.0191
3710,0.1317
3711,0.3813
3712,0.1664
3713,0.4812
3714,0.3129
3715,0.2745
3716,0.2356
3717,0.2567
3718,0.4039
3719,0.0802
3720,0.0529
3721,0.2858
3722,0.218
3723,0.1993
3724,0.2485
3725,0.4412
3726,0.2913
3727,0.4396
3728,0.3885
3729,0.1531
3730,0.1047
3731,0.4557
3732,0.3842
3733,0.0337
3734,0.0303
3735,0.0859
3736,0.422
3737,0.3023
3738,0.1858
3739,0.4571
3740,0.0379
3741,0.3754
3742,0.2482
3743,0.1189
3744,0.2383
3745,0.4189
3746,0.1577
3747,0.4241
3748,0.4888
3749,0.4583
3750,0.2977
3751,0.2735
3752,0.4172
3753,0.3545
3754,0.0368
3755,0.0764
3756,0.4129
3757,0.1352
3758,0.2294
3759,0.2462
3760,0.1146
3761,0.3996
3762,0.1986
3763,0.4627
3764,0.3012
3765,0.2592
3766,0.3949
3767,0.0192
3768,0.4075
3769,0.043
3770,0.3993
3771,0.0235
3772,0.4083
3773,0.0671
3774,0.254
3775,0.0687
3776,0.2395
3777,0.0764
3778,0.2858
3779,0.2311
3780,0.071
3781,0.3604
3782,0.1873
3783,0.1331
3784,0.3568
3785,0.4022
3786,0.0505
3787,0.0222
3788,0.3146
3789,0.3567
3790,0.4507
3791,0.0644
3792,0.0556
3793,0.0273
3794,0.2265
3795,0.4678
3796,0.3433
3797,0.1466
3798,0.2276
3799,0.2435
3800,0.1867
3801,0.136
3802,0.3412
3803,0.1066
3804,0.4612
3805,0.3251
3806,0.2104
3807,0.0993
3808,0.039
3809,0.3432
3810,0.2994
3811,0.1324
3812,0.0626
3813,0.155
3814,0.0416
3815,0.3035
3816,0.4108
3817,0.0801
3818,0.485
3819,0.3974
3820,0.467
3821,0.0134
3822,0.2901
3823,0.4811
3824,0.0492
3825,0.2653
3826,0.1636
3827,0.4479
3828,0.4093
3829,0.4138
3830,0.1153
3831,0.4435
3832,0.4412
3833,0.3815
3834,0.034
3835,0.4115
3836,0.2432
3837,0.0532
3838,0.3609
3839,0.0678
3840,0.0236
3841,0.355
3842,0.2576
3843,0.23
3844,0.0564
3845,0.0734
3846,0.1441
3847,0.116
3848,0.308
3849,0.423
3850,0.3903
3851,0.1178
3852,0.1278
3853,0.2698
3854,0.0856
3855,0.3123
3856,0.2815
3857,0.3401
3858,0.0508
3859,0.4502
3860,0.0632
3861,0.4169
3862,0.4942
3863,0.1492
3864,0.2029
3865,0.3852
3866,0.2705
3867,0.3245
3868,0.3361
3869,0.2407
3870,0.0214
3871,0.1942
3872,0.351
3873,0.4139
3874,0.3354
3875,0.4726
3876,0.3767
3877,0.3451
3878,0.3397
3879,0.2815
3880,0.4359
3881,0.4753
3882,0.2104
3883,0.2885
3884,0.1674
3885,0.439
3886,0.4736
3887,0.376
3888,0.0275
3889,0.2439
3890,0.0858
3891,0.0363
3892,0.3806
3893,0.1663
3894,0.0945
3895,0.3795
3896,0.3792
3897,0.4779
3898,0.2876
3899,0.4398
3900,0.0234
3901,0.2171
3902,0.4695
3903,0.2985
3904,0.3072
3905,0.0763
3906,0.2551
3907,0.2786
3908,0.4892
3909,0.3901
3910,0.0739
3911,0.005
3912,0.0752
3913,0.1073
3914,0.0291
3915,0.0473
3916,0.1577
3917,0.0036
3918,0.497
3919,0.4007
3920,0.1939
3921,0.2059
3922,0.2788
3923,0.4035
3924,0.1619
3925,0.1228
3926,0.3318
3927,0.1158
3928,0.0339
3929,0.2467
3930,0.4772
3931,0.067
3932,0.3652
3933,0.3443
3934,0.3749
3935,0.1799
3936,0.182
3937,0.3272
3938,0.2316
3939,0.0317
3940,0.0135
3941,0.179
3942,0.1253
3943,0.0763
3944,0.1099
3945,0.1973
3946,0.2356
3947,0.4737
3948,0.1433
3949,0.4859
3950,0.211
3951,0.2517
3952,0.3932
3953,0.2288
3954,0.3029
3955,0.3515
3956,0.2963
3957,0.2001
3958,0.0905
3959,0.0737
3960,0.4343
3961,0.1766
3962,0.3086
3963,0.1196
3964,0.4344
3965,0.4119
3966,0.2114
3967,0.291
3968,0.095
3969,0.1009
3970,0.0947
3971,0.4311
3972,0.1165
3973,0.3169
3974,0.3074
3975,0.4341
3976,0.0158
3977,0.2257
3978,0.0739
3979,0.3234
3980,0.2348
3981,0.1413
3982,0.3974
3983,0.4809
3984,0.1287
3985,0.2983
3986,0.0493
3987,0.2564
3988,0.0328
3989,0.4898
3990,0.4089
3991,0.4865
3992,0.4558
3993,0.1315
3994,0.1913
3995,0.0624
3996,0.3377
3997,0.1424
3998,0.1506
3999,0.28
4000,0.4294
4001,0.135
4002,0.161
4003,0.1859
4004,0.4942
4005,0.4887
4006,0.4654
4007,0.3877
4008,0.2593
4009,0.3894
4010,0.4737
4011,0.4479
4012,0.324
4013,0.2104
4014,0.4372
4015,0.0378
4016,0.0254
4017,0.3501
4018,0.0108
4019,0.2791
4020,0.0331
4021,0.1496
4022,0.3859
4023,0.3
4024,0.0323
4025,0.4713
4026,0.4791
4027,0.0492
4028,0.2947
4029,0.3333
4030,0.37
4031,0.3859
4032,0.4105
4033,0.0937
4034,0.0863
4035,0.2337
4036,0.1227
4037,0.4537
4038,0.0233
4039,0.4058
4040,0.4292
4041,0.4471
4042,0.4217
4043,0.2731
4044,0.4989
4045,0.2378
4046,0.4004
4047,0.2017
4048,0.1152
4049,0.1231
4050,0.2859
4051,0.4379
4052,0.3329
4053,0.2363
4054,0.2004
4055,0.0131
4056,0.0134
4057,0.0186
4058,0.2953
4059,0.4415
4060,0.0552
4061,0.4036
4062,0.422
4063,0.2139
4064,0.0499
4065,0.4918
4066,0.3991
4067,0.3655
4068,0.3777
4069,0.4253
4070,0.2484
4071,0.1703
4072,0.3778
4073,0.4244
4074,0.1269
4075,0.0314
4076,0.4182
4077,0.1291
4078,0.3583
4079,0.0536
4080,0.2547
4081,0.2228
4082,0.2452
4083,0.1595
4084,0.2042
4085,0.2769
4086,0.0487
4087,0.1505
4088,0.2614
4089,0.0955
4090,0.4805
4091,0.4611
4092,0.1574
4093,0.1849
4094,0.4661
4095,0.2547
4096,0.1481
4097,0.3669
4098,0.4509
4099,0.0825
4100,0.0261
4101,0.4665
4102,0.0829
4103,0.3942
4104,0.072
4105,0.0967
4106,0.2575
4107,0.198
4108,0.0878
4109,0.1017
4110,0.4955
4111,0.139
4112,0.3541
4113,0.0407
4114,0.2964
4115,0.1559
4116,0.2066
4117,0.2703
4118,0.0678
4119,0.0944
4120,0.0943
4121,0.3822
4122,0.4398
4123,0.0613
4124,0.412
4125,0.4552
4126,0.4415
4127,0.492
4128,0.3313
4129,0.2715
4130,0.0661
4131,0.4413
4132,0.3656
4133,0.4776
4134,0.0012
4135,0.4318
4136,0.4164
4137,0.3637
4138,0.4568
4139,0.2317
4140,0.4256
4141,0.4537
4142,0.1048
4143,0.4892
4144,0.3214
4145,0.3588
4146,0.4962
4147,0.2324
4148,0.4618
4149,0.1957
4150,0.3125
4151,0.0918
4152,0.0613
4153,0.0894
4154,0.227
4155,0.1421
4156,0.2563
4157,0.2585
4158,0.1957
4159,0.1538
4160,0.0488
4161,0.1583
4162,0.1458
4163,0.4857
4164,0.2506
4165,0.3766
4166,0.4652
4167,0.0941
4168,0.2425
4169,0.1237
4170,0.4188
4171,0.2218
4172,0.2358
4173,0.475
4174,0.3463
4175,0.0448
4176,0.4607
4177,0.406
4178,0.3594
4179,0.3231
4180,0.1198
4181,0.1612
4182,0.072
4183,0.4147
4184,0.4633
4185,0.4096
4186,0.2811
4187,0.3385
4188,0.2928
4189,0.0184
4190,0.2171
4191,0.0954
4192,0.3592
4193,0.0833
4194,0.0868
4195,0.1554
4196,0.181
4197,0.0896
4198,0.1411
4199,0.0228
4200,0.2616
4201,0.4145
4202,0.137
4203,0.3639
4204,0.2396
4205,0.0939
4206,0.0837
4207,0.309
4208,0.4828
4209,0.4771
4210,0.1467
4211,0.0906
4212,0.2184
4213,0.4822
4214,0.2269
4215,0.0977
4216,0.3771
4217,0.3385
4218,0.4739
4219,0.4899
4220,0.1807
4221,0.3307
4222,0.177
4223,0.2459
4224,0.2637
4225,0.2537
4226,0.1058
4227,0.0195
4228,0.1731
4229,0.2952
4230,0.165
4231,0.2821
4232,0.2336
4233,0.3608
4234,0.0424
4235,0.3171
4236,0.4035
4237,0.2079
4238,0.3783
4239,0.057
4240,0.0757
4241,0.3899
4242,0.1579
4243,0.13
4244,0.2757
4245,0.0127
4246,0.2796
4247,0.0957
4248,0.3903
4249,0.1275
4250,0.3918
4251,0.4695
4252,0.2069
4253,0.2678
4254,0.3463
4255,0.3031
4256,0.4713
4257,0.426
4258,0.0521
4259,0.1891
4260,0.169
4261,0.3654
4262,0.248
4263,0.4563
4264,0.1064
4265,0.1423
4266,0.4247
4267,0.3411
4268,0.449
4269,0.4785
4270,0.1465
4271,0.0751
4272,0.4078
4273,0.4194
4274,0.0023
4275,0.0338
4276,0.2395
4277,0.1984
4278,0.0389
4279,0.454
4280,0.2287
4281,0.0816
4282,0.1728
4283,0.3128
4284,0.3647
4285,0.3538
4286,0.1477
4287,0.0117
4288,0.2317
4289,0.4349
4290,0.315
4291,0.1755
4292,0.0794
4293,0.1777
4294,0.0954
4295,0.3255
4296,0.0101
4297,0.3712
4298,0.3174
4299,0.4721
4300,0.3903
4301,0.3745
4302,0.4656
4303,0.1572
4304,0.4153
4305,0.4948
4306,0.4709
4307,0.4648
4308,0.2968
4309,0.1
4310,0.1165
4311,0.0431
4312,0.4643
4313,0.1566
4314,0.1775
4315,0.2536
4316,0.2097
4317,0.253
4318,0.1941
4319,0.214
4320,0.4842
4321,0.0155
4322,0.3019
4323,0.0495
4324,0.1051
4325,0.0651
4326,0.2162
4327,0.1981
4328,0.328
4329,0.1067
4330,0.3922
4331,0.1349
4332,0.4597
4333,0.1948
4334,0.4189
4335,0.3012
4336,0.4051
4337,0.0225
4338,0.1745
4339,0.2908
4340,0.2602
4341,0.053
4342,0.2419
4343,0.1352
4344,0.1625
4345,0.4816
4346,0.1622
4347,0.0494
4348,0.0663
4349,0.4829
4350,0.1105
4351,0.4058
4352,0.4188
4353,0.0787
4354,0.4878
4355,0.2824
4356,0.4655
4357,0.1444
4358,0.2562
4359,0.206
4360,0.3938
4361,0.4011
4362,0.0651
4363,0.3129
4364,0.2874
4365,0.0037
4366,0.0877
4367,0.4801
4368,0.4984
4369,0.1256
4370,0.2191
4371,0.2225
4372,0.2744
4373,0.473
4374,0.427
4375,0.3261
4376,0.484
4377,0.2069
4378,0.0297
4379,0.3429
4380,0.1611
4381,0.3715
4382,0.3262
4383,0.1261
4384,0.3123
4385,0.4374
4386,0.1099
4387,0.4407
4388,0.3675
4389,0.3581
4390,0.2269
4391,0.0958
4392,0.1488
4393,0.0159
4394,0.1261
4395,0.3606
4396,0.2113
4397,0.2156
4398,0.4816
4399,0.3186
4400,0.1417
4401,0.4744
4402,0.3917
4403,0.3633
4404,0.4591
4405,0.0998
4406,0.1224
4407,0.3803
4408,0.4555
4409,0.1189
4410,0.1069
4411,0.4287
4412,0.199
4413,0.1588
4414,0.1442
4415,0.0061
4416,0.3574
4417,0.2339
4418,0.4795
4419,0.0598
4420,0.4157
4421,0.2425
4422,0.0414
4423,0.0837
4424,0.2612
4425,0.0178
4426,0.0366
4427,0.1507
4428,0.408
4429,0.2439
4430,0.2584
4431,0.4096
4432,0.059
4433,0.0802
4434,0.0788
4435,0.1882
4436,0.4702
4437,0.0548
4438,0.3936
4439,0.4508
4440,0.0936
4441,0.4012
4442,0.315
4443,0.0617
4444,0.2175
4445,0.3187
4446,0.3486
4447,0.2199
4448,0.0436
4449,0.2451
4450,0.4585
4451,0.3739
4452,0.2291
4453,0.1758
4454,0.2887
4455,0.0625
4456,0.0266
4457,0.1477
4458,0.1676
4459,0.203
4460,0.1304
4461,0.4678
4462,0.4205
4463,0.0335
4464,0.0603
4465,0.4972
4466,0.0423
4467,0.2518
4468,0.1509
4469,0.13
4470,0.1263
4471,0.2902
4472,0.2205
4473,0.4476
4474,0.1421
4475,0.3466
4476,0.2503
4477,0.1856
4478,0.1163
4479,0.2158
4480,0.4243
4481,0.492
4482,0.2271
4483,0.3831
4484,0.4652
4485,0.0064
4486,0.4947
4487,0.304
4488,0.0711
4489,0.2353
4490,0.2885
4491,0.3947
4492,0.4133
4493,0.2764
4494,0.4846
4495,0.0359
4496,0.2935
4497,0.0657
4498,0.0125
4499,0.1053
4500,0.0096
4501,0.3828
4502,0.0115
4503,0.4746
4504,0.4146
4505,0.3954
4506,0.1653
4507,0.2875
4508,0.1898
4509,0.1431
4510,0.2123
4511,0.1159
4512,0.1265
4513,0.202
4514,0.1128
4515,0.3688
4516,0.3181
4517,0.2961
4518,0.1137
4519,0.4935
4520,0.1204
4521,0.4845
4522,0.0245
4523,0.3039
4524,0.4583
4525,0.0075
4526,0.4847
4527,0.2338
4528,0.0354
4529,0.1395
4530,0.2724
4531,0.447
4532,0.1934
4533,0.0721
4534,0.308
4535,0.1661
4536,0.2244
4537,0.337
4538,0.2007
4539,0.405
4540,0.3563
4541,0.4814
4542,0.3757
4543,0.0586
4544,0.4307
4545,0.3655
4546,0.1878
4547,0.026
4548,0.4034
4549,0.0945
4550,0.1567
4551,0.1151
4552,0.3607
4553,0.0405
4554,0.4746
4555,0.0692
4556,0.4379
4557,0.0448
4558,0.2602
4559,0.0696
4560,0.2162
4561,0.0323
4562,0.3969
4563,0.226
4564,0.2016
4565,0.4749
4566,0.4682
4567,0.1505
4568,0.3073
4569,0.4973
4570,0.4464
4571,0.2589
4572,0.4278
4573,0.3045
4574,0.4769
4575,0.0019
4576,0.4735
4577,0.4613
4578,0.0268
4579,0.2584
4580,0.4939
4581,0.2255
4582,0.0699
4583,0.3743
4584,0.0931
4585,0.1235
4586,0.2321
4587,0.2546
4588,0.3293
4589,0.0453
4590,0.273
4591,0.0513
4592,0.1859
4593,0.0204
4594,0.1566
4595,0.269
4596,0.3827
4597,0.2042
4598,0.0761
4599,0.1042
4600,0.0163
4601,0.1027
4602,0.0922
4603,0.3524
4604,0.0263
4605,0.1084
4606,0.4221
4607,0.1581
4608,0.444
4609,0.397
4610,0.1547
4611,0.426
4612,0.3429
4613,0.4951
4614,0.0474
4615,0.0098
4616,0.4423
4617,0.0971
4618,0.1144
4619,0.0845
4620,0.4443
4621,0.4948
4622,0.4707
4623,0.2831
4624,0.2751
4625,0.0781
4626,0.0402
4627,0.1695
4628,0.0833
4629,0.0088
4630,0.3279
4631,0.4843
4632,0.1666
4633,0.3614
4634,0.3267
4635,0.4689
4636,0.1545
4637,0.376
4638,0.0322
4639,0.465
4640,0.1391
4641,0.2397
4642,0.2829
4643,0.0216
4644,0.494
4645,0.4715
4646,0.3934
4647,0.1445
4648,0.2456
4649,0.0465
4650,0.3569
4651,0.0569
4652,0.1211
4653,0.1857
4654,0.2019
4655,0.1636
4656,0.1423
4657,0.2853
4658,0.4852
4659,0.2934
4660,0.2173
4661,0.4512
4662,0.2982
4663,0.0261
4664,0.1203
4665,0.2531
4666,0.445
4667,0.0242
4668,0.0406
4669,0.4083
4670,0.2521
4671,0.0038
4672,0.4692
4673,0.1076
4674,0.0908
4675,0.0494
4676,0.4215
4677,0.4929
4678,0.057
4679,0.0236
4680,0.3174
4681,0.4314
4682,0.0773
4683,0.1499
4684,0.2202
4685,0.4393
4686,0.196
4687,0.483
4688,0.0359
4689,0.2402
4690,0.4082
4691,0.0101
4692,0.1066
4693,0.3922
4694,0.0763
4695,0.0016
4696,0.4421
4697,0.1474
4698,0.4943
4699,0.0418
4700,0.1881
4701,0.2599
4702,0.2986
4703,0.4657
4704,0.2112
4705,0.0799
4706,0.4576
4707,0.0931
4708,0.4721
4709,0.1985
4710,0.4387
4711,0.1476
4712,0.167
4713,0.343
4714,0.4077
4715,0.3669
4716,0.0605
4717,0.4533
4718,0.3451
4719,0.1121
4720,0.416
4721,0.1345
4722,0.4787
4723,0.1078
4724,0.3772
4725,0.4569
4726,0.0046
4727,0.3334
4728,0.4417
4729,0.0467
4730,0.4067
4731,0.1632
4732,0.2167
4733,0.3751
4734,0.12
4735,0.1444
4736,0.4428
4737,0.4968
4738,0.2513
4739,0.349
4740,0.3477
4741,0.3337
4742,0.4923
4743,0.2062
4744,0.0869
4745,0.2221
4746,0.4184
4747,0.2602
4748,0.1146
4749,0.4829
4750,0.0515
4751,0.4923
4752,0.3549
4753,0.2552
4754,0.4449
4755,0.2293
4756,0.2226
4757,0.3785
4758,0.2159
4759,0.2896
4760,0.1045
4761,0.4714
4762,0.0067
4763,0.3327
4764,0.0103
4765,0.3938
4766,0.2964
4767,0.1735
4768,0.1067
4769,0.4284
4770,0.3982
4771,0.3172
4772,0.019
4773,0.436
4774,0.0215
4775,0.3387
4776,0.3637
4777,0.3725
4778,0.3567
4779,0.16
4780,0.1091
4781,0.1609
4782,0.339
4783,0.0266
4784,0.1749
4785,0.3995
4786,0.0878
4787,0.1036
4788,0.4466
4789,0.0412
4790,0.2797
4791,0.1523
4792,0.0399
4793,0.4507
4794,0.1844
4795,0.2454
4796,0.2441
4797,0.352
4798,0.2631
4799,0.2473
4800,0.3086
4801,0.0268
4802,0.4329
4803,0.1489
4804,0.4153
4805,0.3082
4806,0.361
4807,0.0114
4808,0.3883
4809,0.1784
4810,0.0823
4811,0.1119
4812,0.3617
4813,0.1548
4814,0.0476
4815,0.219
4816,0.1119
4817,0.1799
4818,0.0576
4819,0.0918
4820,0.0949
4821,0.1437
4822,0.3867
4823,0.1279
4824,0.3751
4825,0.4179
4826,0.1118
4827,0.1644
4828,0.0476
4829,0.3399
4830,0.2708
4831,0.4636
4832,0.1566
4833,0.043
4834,0.1563
4835,0.2633
4836,0.2743
4837,0.0179
4838,0.3543
4839,0.4043
4840,0.0558
4841,0.0481
4842,0.3502
4843,0.3793
4844,0.4523
4845,0.2231
4846,0.198
4847,0.0829
4848,0.424
4849,0.2419
4850,0.0359
4851,0.137
4852,0.132
4853,0.2737
4854,0.3751
4855,0.1159
4856,0.1247
4857,0.3141
4858,0.2313
4859,0.2079
4860,0.0955
4861,0.2574
4862,0.3629
4863,0.3591
4864,0.2442
4865,0.1034
4866,0.2007
4867,0.2863
4868,0.2184
4869,0.0789
4870,0.1067
4871,0.4695
4872,0.3754
4873,0.1245
4874,0.4948
4875,0.1362
4876,0.0429
4877,0.3642
4878,0.2519
4879,0.0343
4880,0.2608
4881,0.0498
4882,0.4857
4883,0.3339
4884,0.2882
4885,0.104
4886,0.0987
4887,0.1398
4888,0.2279
4889,0.1584
4890,0.2971
4891,0.039
4892,0.2099
4893,0.1814
4894,0.1766
4895,0.4756
4896,0.0898
4897,0.0863
4898,0.4989
4899,0.3002
4900,0.0013
4901,0.0224
4902,0.1346
4903,0.4098
4904,0.1368
4905,0.0888
4906,0.0063
4907,0.4957
4908,0.2697
4909,0.4901
4910,0.4078
4911,0.3388
4912,0.2513
4913,0.1993
4914,0.0992
4915,0.2779
4916,0.432
4917,0.04
4918,0.068
4919,0.3692
4920,0.4289
4921,0.3341
4922,0.4287
4923,0.459
4924,0.1135
4925,0.0233
4926,0.264
4927,0.1151
4928,0.0474
4929,0.4112
4930,0.2543
4931,0.2775
4932,0.1082
4933,0.3354
4934,0.1987
4935,0.2748
4936,0.2598
4937,0.2785
4938,0.4749
4939,0.3216
4940,0.41
4941,0.2832
4942,0.0314
4943,0.0341
4944,0.28
4945,0.4623
4946,0.3724
4947,0.3044
4948,0.0677
4949,0.2506
4950,0.4618
4951,0.2838
4952,0.2409
4953,0.2453
4954,0.3402
4955,0.0572
4956,0.3276
4957,0.156
4958,0.1682
4959,0.1477
4960,0.3997
4961,0.1502
4962,0.4605
4963,0.2713
4964,0.0398
4965,0.1232
4966,0.4051
4967,0.1874
4968,0.2996
4969,0.3757
4970,0.4323
4971,0.3618
4972,0.107
4973,0.2772
4974,0.273
4975,0.1107
4976,0.4487
4977,0.2477
4978,0.0783
4979,0.2571
4980,0.0155
4981,0.1518
4982,0.4664
4983,0.1534
4984,0.3441
4985,0.0762
4986,0.147
4987,0.1369
4988,0.3276
4989,0.4764
4990,0.0944
4991,0.3726
4992,0.3727
4993,0.0258
4994,0.4452
4995,0.2205
4996,0.1192
4997,0.1886
4998,0.1623
4999,0.3249
5000,0.0382
5001,0.0019
5002,0.2131
5003,0.0967
5004,0.0763
5005,0.1404
5006,0.1687
5007,0.0842
5008,0.0601
5009,0.4762
5010,0.1265
5011,0.0842
5012,0.3737
5013,0.3895
5014,0.2097
5015,0.1167
5016,0.4431
5017,0.3965
5018,0.2444
5019,0.1417
5020,0.3055
5021,0.3305
5022,0.1891
5023,0.0314
5024,0.1447
5025,0.2361
5026,0.0112
5027,0.1978
5028,0.2814
5029,0.1311
5030,0.1803
5031,0.0746
5032,0.3411
5033,0.2016
5034,0.2369
5035,0.4646
5036,0.4257
5037,0.2924
5038,0.3545
5039,0.4043
5040,0.2754
5041,0.2872
5042,0.0904
5043,0.0874
5044,0.2341
5045,0.1071
5046,0.0575
5047,0.0565
5048,0.0221
5049,0.3023
5050,0.0474
5051,0.2756
5052,0.4186
5053,0.0335
5054,0.4976
5055,0.457
5056,0.436
5057,0.3165
5058,0.2778
5059,0.2043
5060,0.3913
5061,0.4858
5062,0.191
5063,0.1983
5064,0.0368
5065,0.1298
5066,0.1982
5067,0.0741
5068,0.4363
5069,0.4659
5070,0.4717
5071,0.2583
5072,0.406
5073,0.0794
5074,0.1917
5075,0.4041
5076,0.3005
5077,0.1251
5078,0.2996
5079,0.1102
5080,0.0028
5081,0.0832
5082,0.1175
5083,0.469
5084,0.1632
5085,0.03
5086,0.4334
5087,0.0035
5088,0.4316
5089,0.1574
5090,0.2284
5091,0.1267
5092,0.4009
5093,0.3633
5094,0.4531
5095,0.0542
5096,0.487
5097,0.2271
5098,0.4551
5099,0.4233
5100,0.0618
5101,0.1281
5102,0.0028
5103,0.3804
5104,0.3717
5105,0.4938
5106,0.295
5107,0.3752
5108,0.1662
5109,0.1363
5110,0.2438
5111,0.2265
5112,0.3169
5113,0.1855
5114,0.3693
5115,0.4584
5116,0.0961
5117,0.4262
5118,0.066
5119,0.06
5120,0.2431
5121,0.4368
5122,0.2706
5123,0.0638
5124,0.2998
5125,0.3173
5126,0.4728
5127,0.1105
5128,0.1367
5129,0.1559
5130,0.166
5131,0.4344
5132,0.2823
5133,0.2879
5134,0.3101
5135,0.1018
5136,0.0096
5137,0.101
5138,0.228
5139,0.0813
5140,0.3085
5141,0.4726
5142,0.1493
5143,0.2032
5144,0.1032
5145,0.3767
5146,0.1572
5147,0.0986
5148,0.0652
5149,0.4998
5150,0.1905
5151,0.2803
5152,0.2618
5153,0.3577
5154,0.404
5155,0.0068
5156,0.3537
5157,0.1429
5158,0.0526
5159,0.445
5160,0.4338
5161,0.3949
5162,0.067
5163,0.2364
5164,0.1114
5165,0.2962
5166,0.018
5167,0.1055
5168,0.4072
5169,0.3419
5170,0.3476
5171,0.3934
5172,0.0754
5173,0.1054
5174,0.428
5175,0.3788
5176,0.0406
5177,0.2518
5178,0.179
5179,0.0945
5180,0.1863
5181,0.1484
5182,0.262
5183,0.1156
5184,0.0476
5185,0.3127
5186,0.0017
5187,0.0917
5188,0.1491
5189,0.2842
5190,0.0939
5191,0.0933
5192,0.4112
5193,0.1828
5194,0.1832
5195,0.084
5196,0.2186
5197,0.4309
5198,0.1946
5199,0.1345
5200,0.4487
5201,0.4989
5202,0.0801
5203,0.4846
5204,0.443
5205,0.3562
5206,0.1753
5207,0.4317
5208,0.3011
5209,0.0423
5210,0.3862
5211,0.4034
5212,0.1154
5213,0.015
5214,0.4947
5215,0.4387
5216,0.3669
5217,0.1264
5218,0.0562
5219,0.1039
5220,0.2437
5221,0.2921
5222,0.3113
5223,0.1526
5224,0.4402
5225,0.3068
5226,0.0886
5227,0.4201
5228,0.1068
5229,0.1737
5230,0.388
5231,0.0854
5232,0.0554
5233,0.4055
5234,0.0966
5235,0.3976
5236,0.0882
5237,0.2029
5238,0.4191
5239,0.1718
5240,0.209
5241,0.0861
5242,0.4637
5243,0.2971
5244,0.4103
5245,0.4703
5246,0.4313
5247,0.3139
5248,0.2243
5249,0.3066
5250,0.3948
5251,0.0759
5252,0.031
5253,0.0919
5254,0.2083
5255,0.0576
5256,0.0941
5257,0.2839
5258,0.0812
5259,0.2593
5260,0.4096
5261,0.3045
5262,0.1226
5263,0.3761
5264,0.1511
5265,0.4349
5266,0.3643
5267,0.2678
5268,0.4885
5269,0.3229
5270,0.3357
5271,0.3526
5272,0.3205
5273,0.0361
5274,0.2041
5275,0.0439
5276,0.2942
5277,0.0197
5278,0.3622
5279,0.1174
5280,0.486
5281,0.0071
5282,0.4604
5283,0.4177
5284,0.2204
5285,0.2424
5286,0.4382
5287,0.4263
5288,0.0052
5289,0.2516
5290,0.0955
5291,0.443
5292,0.1278
5293,0.1859
5294,0.2466
5295,0.4128
5296,0.3316
5297,0.2595
5298,0.097
5299,0.0034
5300,0.1353
5301,0.1077
5302,0.0692
5303,0.4974
5304,0.1287
5305,0.4077
5306,0.4561
5307,0.0673
5308,0.1027
5309,0.1949
5310,0.4266
5311,0.1644
5312,0.271
5313,0.1005
5314,0.2554
5315,0.41
5316,0.4089
5317,0.4781
5318,0.1022
5319,0.3902
5320,0.0677
5321,0.2431
5322,0.4344
5323,0.0926
5324,0.068
5325,0.3524
5326,0.1756
5327,0.1001
5328,0.4936
5329,0.0363
5330,0.0084
5331,0.1089
5332,0.2166
5333,0.3345
5334,0.4347
5335,0.0957
5336,0.4954
5337,0.127
5338,0.2675
5339,0.4579
5340,0.3059
5341,0.4283
5342,0.2231
5343,0.332
5344,0.065
5345,0.1417
5346,0.0601
5347,0.1481
5348,0.1668
5349,0.4775
5350,0.399
5351,0.2404
5352,0.025
5353,0.23
5354,0.1039
5355,0.4271
5356,0.0908
5357,0.0335
5358,0.4578
5359,0.0715
5360,0.2108
5361,0.2605
5362,0.1202
5363,0.0957
5364,0.062
5365,0.483
5366,0.2725
5367,0.1344
5368,0.0197
5369,0.0411
5370,0.3171
5371,0.4635
5372,0.4235
5373,0.2427
5374,0.2327
5375,0.0694
5376,0.4716
5377,0.1649
5378,0.0681
5379,0.4324
5380,0.0893
5381,0.0329
5382,0.2697
5383,0.1176
5384,0.4469
5385,0.3315
5386,0.3374
5387,0.1561
5388,0.3704
5389,0.4209
5390,0.0471
5391,0.0595
5392,0.3541
5393,0.2203
5394,0.4659
5395,0.2227
5396,0.4646
5397,0.3402
5398,0.4339
5399,0.2743
5400,0.0367
5401,0.3889
5402,0.0613
5403,0.3428
5404,0.0328
5405,0.0222
5406,0.342
5407,0.1053
5408,0.2204
5409,0.2301
5410,0.2238
5411,0.2451
5412,0.2578
5413,0.0021
5414,0.4669
5415,0.3196
5416,0.1734
5417,0.008
5418,0.416
5419,0.2624
5420,0.4201
5421,0.4688
5422,0.3088
5423,0.2901
5424,0.2132
5425,0.3141
5426,0.3341
5427,0.2498
5428,0.4499
5429,0.4668
5430,0.1604
5431,0.4233
5432,0.3466
5433,0.1545
5434,0.4388
5435,0.4771
5436,0.1683
5437,0.198
5438,0.3553
5439,0.4271
5440,0.4884
5441,0.3348
5442,0.2798
5443,0.2435
5444,0.4436
5445,0.2849
5446,0.0828
5447,0.3081
5448,0.0796
5449,0.0044
5450,0.0817
5451,0.2812
5452,0.2178
5453,0.1882
5454,0.2508
5455,0.25
5456,0.4607
5457,0.3954
5458,0.3735
5459,0.167
5460,0.4171
5461,0.4715
5462,0.3191
5463,0.0914
5464,0.4277
5465,0.3096
5466,0.0131
5467,0.3766
5468,0.0801
5469,0.2463
5470,0.2553
5471,0.1975
5472,0.4475
5473,0.2943
5474,0.1002
5475,0.2653
5476,0.4378
5477,0.2184
5478,0.4307
5479,0.1585
5480,0.2262
5481,0.1144
5482,0.0563
5483,0.1364
5484,0.4681
5485,0.0477
5486,0.1853
5487,0.342
5488,0.067
5489,0.4572
5490,0.2637
5491,0.1974
5492,0.2574
5493,0.0471
5494,0.46
5495,0.165
5496,0.0527
5497,0.2661
5498,0.2569
5499,0.2403
5500,0.2785
5501,0.0009
5502,0.0494
5503,0.2721
5504,0.3942
5505,0.3759
5506,0.0574
5507,0.427
5508,0.4845
5509,0.0058
5510,0.4969
5511,0.1435
5512,0.3991
5513,0.3257
5514,0.244
5515,0.0404
5516,0.023
5517,0.486
5518,0.1762
5519,0.045
5520,0.3007
5521,0.3027
5522,0.0596
5523,0.2321
5524,0.2531
5525,0.1685
5526,0.0648
5527,0.0556
5528,0.215
5529,0.1694
5530,0.1062
5531,0.039
5532,0.4652
5533,0.4426
5534,0.2824
5535,0.4206
5536,0.2239
5537,0.3078
5538,0.4317
5539,0.2987
5540,0.309
5541,0.2471
5542,0.2199
5543,0.2577
5544,0.4685
5545,0.3656
5546,0.3253
5547,0.1269
5548,0.3229
5549,0.1461
5550,0.137
5551,0.4692
5552,0.2933
5553,0.3213
5554,0.2274
5555,0.2816
5556,0.4558
5557,0.3628
5558,0.1726
5559,0.3016
5560,0.1221
5561,0.4677
5562,0.4425
5563,0.4829
5564,0.0768
5565,0.3
5566,0.0829
5567,0.2457
5568,0.2867
5569,0.1597
5570,0.0872
5571,0.2204
5572,0.1695
5573,0.3877
5574,0.3095
5575,0.1274
5576,0.2012
5577,0.3943
5578,0.3349
5579,0.44
5580,0.4099
5581,0.1675
5582,0.3596
5583,0.2732
5584,0.2862
5585,0.0071
5586,0.3658
5587,0.0283
5588,0.3043
5589,0.3329
5590,0.4826
5591,0.0556
5592,0.0001
5593,0.4856
5594,0.1203
5595,0.3052
5596,0.2215
5597,0.0496
5598,0.2202
5599,0.301
5600,0.2909
5601,0.0513
5602,0.13
5603,0.3389
5604,0.392
5605,0.1042
5606,0.0222
5607,0.431
5608,0.3467
5609,0.275
5610,0.0073
5611,0.1094
5612,0.1412
5613,0.3223
5614,0.2566
5615,0.1603
5616,0.3742
5617,0.2529
5618,0.3447
5619,0.328
5620,0.0364
5621,0.0806
5622,0.4224
5623,0.3768
5624,0.213
5625,0.495
5626,0.2134
5627,0.0118
5628,0.3883
5629,0.4896
5630,0.1373
5631,0.2072
5632,0.3217
5633,0.4259
5634,0.4366
5635,0.3102
5636,0.3236
5637,0.4795
5638,0.3826
5639,0.1675
5640,0.2488
5641,0.3564
5642,0.3059
5643,0.4213
5644,0.0614
5645,0.2441
5646,0.0631
5647,0.2794
5648,0.2777
5649,0.1707
5650,0.4406
5651,0.0436
5652,0.0822
5653,0.2764
5654,0.0079
5655,0.3221
5656,0.3654
5657,0.1581
5658,0.4776
5659,0.0019
5660,0.233
5661,0.126
5662,0.2613
5663,0.471
5664,0.218
5665,0.2416
5666,0.011
5667,0.2823
5668,0.2444
5669,0.3522
5670,0.4664
5671,0.4443
5672,0.0189
5673,0.1369
5674,0.2826
5675,0.3187
5676,0.4405
5677,0.4119
5678,0.0254
5679,0.0523
5680,0.4349
5681,0.3103
5682,0.134
5683,0.1646
5684,0.3401
5685,0.3893
5686,0.1182
5687,0.3103
5688,0.1385
5689,0.0084
5690,0.0784
5691,0.3122
5692,0.4584
5693,0.4887
5694,0.4665
5695,0.184
5696,0.0559
5697,0.4148
5698,0.4391
5699,0.2333
5700,0.2942
5701,0.3173
5702,0.4533
5703,0.3644
5704,0.3978
5705,0.0392
5706,0.3389
5707,0.1778
5708,0.2212
5709,0.3019
5710,0.2163
5711,0.2479
5712,0.4186
5713,0.1427
5714,0.3789
5715,0.433
5716,0.2137
5717,0.3392
5718,0.2396
5719,0.3701
5720,0.429
5721,0.4383
5722,0.1396
5723,0.0453
5724,0.4473
5725,0.3775
5726,0.4612
5727,0.4204
5728,0.3037
5729,0.0412
5730,0.1427
5731,0.2608
5732,0.4571
5733,0.1555
5734,0.3368
5735,0.4221
5736,0.2684
5737,0.4722
5738,0.4392
5739,0.3377
5740,0.2993
5741,0.1649
5742,0.1076
5743,0.2069
5744,0.0045
5745,0.0912
5746,0.4246
5747,0.2355
5748,0.2679
5749,0.3772
5750,0.0355
5751,0.0732
5752,0.1075
5753,0.4963
5754,0.0842
5755,0.1611
5756,0.1674
5757,0.0547
5758,0.2813
5759,0.2985
5760,0.2334
5761,0.4684
5762,0.0846
5763,0.4615
5764,0.1396
5765,0.0004
5766,0.2234
5767,0.4393
5768,0.0602
5769,0.2154
5770,0.2628
5771,0.207
5772,0.2455
5773,0.2428
5774,0.1539
5775,0.4141
5776,0.0069
5777,0.0891
5778,0.0718
5779,0.3313
5780,0.463
5781,0.4835
5782,0.4997
5783,0.2678
5784,0.1454
5785,0.4339
5786,0.1358
5787,0.2281
5788,0.1513
5789,0.0231
5790,0.1176
5791,0.0471
5792,0.3756
5793,0.4711
5794,0.0914
5795,0.1374
5796,0.2357
5797,0.3207
5798,0.2262
5799,0.4212
5800,0.4462
5801,0.1267
5802,0.2828
5803,0.2358
5804,0.0643
5805,0.082
5806,0.4224
5807,0.2129
5808,0.0322
5809,0.0124
5810,0.2236
5811,0.0248
5812,0.1869
5813,0.237
5814,0.1981
5815,0.0669
5816,0.2798
5817,0.1451
5818,0.4831
5819,0.0174
5820,0.3233
5821,0.1316
5822,0.2184
5823,0.4896
5824,0.3369
5825,0.2603
5826,0.3628
5827,0.0012
5828,0.2859
5829,0.2392
5830,0.0634
5831,0.1701
5832,0.1674
5833,0.4157
5834,0.4319
5835,0.2742
5836,0.1418
5837,0.0555
5838,0.4822
5839,0.3049
5840,0.2588
5841,0.39
5842,0.3366
5843,0.2097
5844,0.2964
5845,0.3287
5846,0.291
5847,0.4269
5848,0.13
5849,0.1804
5850,0.2223
5851,0.3051
5852,0.125
5853,0.4499
5854,0.2458
5855,0.1333
5856,0.0226
5857,0.3667
5858,0.0633
5859,0.281
5860,0.4092
5861,0.3203
5862,0.4953
5863,0.2165
5864,0.2738
5865,0.2629
5866,0.4154
5867,0.4954
5868,0.1464
5869,0.2559
5870,0.021
5871,0.2646
5872,0.2865
5873,0.4238
5874,0.1129
5875,0.0114
5876,0.1261
5877,0.1927
5878,0.3831
5879,0.2801
5880,0.0704
5881,0.3881
5882,0.3514
5883,0.3545
5884,0.0076
5885,0.0944
5886,0.2265
5887,0.1998
5888,0.2044
5889,0.1441
5890,0.2368
5891,0.4798
5892,0.4515
5893,0.1696
5894,0.353
5895,0.4551
5896,0.1117
5897,0.2867
5898,0.4858
5899,0.353
5900,0.4624
5901,0.3002
5902,0.3533
5903,0.0766
5904,0.3947
5905,0.2543
5906,0.0191
5907,0.4161
5908,0.1463
5909,0.1595
5910,0.4039
5911,0.3874
5912,0.3621
5913,0.4062
5914,0.4964
5915,0.0685
5916,0.2132
5917,0.2883
5918,0.3291
5919,0.2859
5920,0.1132
5921,0.2543
5922,0.2829
5923,0.0954
5924,0.0712
5925,0.185
5926,0.0015
5927,0.1252
5928,0.0279
5929,0.0117
5930,0.2975
5931,0.4505
5932,0.1957
5933,0.1458
5934,0.0629
5935,0.4513
5936,0.2551
5937,0.0426
5938,0.3714
5939,0.1393
5940,0.0752
5941,0.1768
5942,0.3198
5943,0.2878
5944,0.1947
5945,0.0621
5946,0.329
5947,0.3371
5948,0.0143
5949,0.2366
5950,0.1436
5951,0.133
5952,0.4375
5953,0.1973
5954,0.2685
5955,0.0291
5956,0.1605
5957,0.1879
5958,0.2328
5959,0.4343
5960,0.4268
5961,0.3926
5962,0.4292
5963,0.4699
5964,0.2937
5965,0.213
5966,0.0522
5967,0.1234
5968,0.412
5969,0.2096
5970,0.2285
5971,0.4458
5972,0.2432
5973,0.4841
5974,0.0865
5975,0.4103
5976,0.385
5977,0.3862
5978,0.4431
5979,0.0304
5980,0.2041
5981,0.4198
5982,0.2807
5983,0.4604
5984,0.3933
5985,0.1255
5986,0.1847
5987,0.1876
5988,0.2376
5989,0.409
5990,0.4816
5991,0.0838
5992,0.3734
5993,0.2839
5994,0.0073
5995,0.4951
5996,0.0803
5997,0.493
5998,0.0033
5999,0.1191
6000,0.3414
6001,0.0045
6002,0.1575
6003,0.1846
6004,0.193
6005,0.0455
6006,0.2517
6007,0.4707
6008,0.2664
6009,0.3048
6010,0.2471
6011,0.1132
6012,0.1999
6013,0.2346
6014,0.4614
6015,0.414
6016,0.0604
6017,0.2253
6018,0.2861
6019,0.0932
6020,0.2763
6021,0.2865
6022,0.1229
6023,0.3028
6024,0.2044
6025,0.073
6026,0.1199
6027,0.2114
6028,0.2857
6029,0.0695
6030,0.2417
6031,0.4297
6032,0.0715
6033,0.3543
6034,0.2839
6035,0.4709
6036,0.0826
6037,0.2804
6038,0.2221
6039,0.1826
6040,0.2449
6041,0.4085
6042,0.4263
6043,0.3799
6044,0.1433
6045,0.3362
6046,0.1584
6047,0.2735
6048,0.4139
6049,0.2644
6050,0.3956
6051,0.4699
6052,0.1574
6053,0.3364
6054,0.0513
6055,0.3777
6056,0.3026
6057,0.1018
6058,0.128
6059,0.0838
6060,0.2781
6061,0.4073
6062,0.1766
6063,0.26
6064,0.3715
6065,0.092
6066,0.4871
6067,0.3925
6068,0.1702
6069,0.4617
6070,0.0183
6071,0.0419
6072,0.1739
6073,0.4563
6074,0.3657
6075,0.2828
6076,0.1097
6077,0.4097
6078,0.4988
6079,0.1679
6080,0.2968
6081,0.0124
6082,0.2274
6083,0.307
6084,0.0769
6085,0.4113
6086,0.0065
6087,0.2821
6088,0.173
6089,0.2909
6090,0.2443
6091,0.3892
6092,0.3695
6093,0.2648
6094,0.0757
6095,0.4237
6096,0.297
6097,0.0739
6098,0.0273
6099,0.1335
6100,0.2809
6101,0.1339
6102,0.1153
6103,0.2325
6104,0.0739
6105,0.1907
6106,0.1679
6107,0.0803
6108,0.2614
6109,0.1435
6110,0.3401
6111,0.0649
6112,0.3332
6113,0.0994
6114,0.445
6115,0.2102
6116,0.3574
6117,0.2561
6118,0.0365
6119,0.1573
6120,0.1787
6121,0.4113
6122,0.4673
6123,0.1361
6124,0.0805
6125,0.3171
6126,0.2944
6127,0.4976
6128,0.4367
6129,0.3621
6130,0.3602
6131,0.2496
6132,0.143
6133,0.2488
6134,0.3768
6135,0.2286
6136,0.2939
6137,0.4833
6138,0.4913
6139,0.2769
6140,0.0904
6141,0.0914
6142,0.2303
6143,0.1916
6144,0.0372
6145,0.1026
6146,0.3339
6147,0.3882
6148,0.4497
6149,0.3952
6150,0.2221
6151,0.1249
6152,0.0068
6153,0.2972
6154,0.1311
6155,0.3131
6156,0.4159
6157,0.1415
6158,0.0615
6159,0.2681
6160,0.0901
6161,0.4089
6162,0.421
6163,0.4913
6164,0.303
6165,0.1572
6166,0.2577
6167,0.407
6168,0.3211
6169,0.1414
6170,0.294
6171,0.0847
6172,0.0257
6173,0.0852
6174,0.3889
6175,0.0726
6176,0.3887
6177,0.4272
6178,0.2386
6179,0.2573
6180,0.4604
6181,0.2302
6182,0.3269
6183,0.4654
6184,0.0178
6185,0.0592
6186,0.1368
6187,0.1725
6188,0.3907
6189,0.1568
6190,0.1971
6191,0.188
6192,0.4687
6193,0.0157
6194,0.0367
6195,0.4563
6196,0.3503
6197,0.2857
6198,0.0039
6199,0.2787
6200,0.2238
6201,0.3323
6202,0.0815
6203,0.0824
6204,0.3375
6205,0.2802
6206,0.4709
6207,0.0163
6208,0.0191
6209,0.4864
6210,0.2153
6211,0.3965
6212,0.1444
6213,0.2215
6214,0.207
6215,0.0707
6216,0.4067
6217,0.2871
6218,0.4354
6219,0.1789
6220,0.1691
6221,0.1607
6222,0.1611
6223,0.2748
6224,0.1652
6225,0.2064
6226,0.4555
6227,0.1125
6228,0.0181
6229,0.1575
6230,0.021
6231,0.2905
6232,0.2104
6233,0.4347
6234,0.4391
6235,0.1611
6236,0.1605
6237,0.1873
6238,0.2249
6239,0.4383
6240,0.214
6241,0.4023
6242,0.4586
6243,0.4203
6244,0.127
6245,0.4356
6246,0.175
6247,0.054
6248,0.3979
6249,0.1263
6250,0.1721
6251,0.3599
6252,0.4185
6253,0.1068
6254,0.0739
6255,0.3882
6256,0.3261
6257,0.1877
6258,0.4944
6259,0.1895
6260,0.1637
6261,0.4129
6262,0.4474
6263,0.3749
6264,0.1281
6265,0.3515
6266,0.3335
6267,0.281
6268,0.1977
6269,0.0748
6270,0.4371
6271,0.4276
6272,0.1049
6273,0.4276
6274,0.4895
6275,0.3907
6276,0.3553
6277,0.4574
6278,0.058
6279,0.3558
6280,0.4616
6281,0.3777
6282,0.1935
6283,0.2454
6284,0.3098
6285,0.0003
6286,0.2346
6287,0.2545
6288,0.4899
6289,0.3655
6290,0.3494
6291,0.4258
6292,0.4695
6293,0.0925
6294,0.1701
6295,0.3969
6296,0.1766
6297,0.4394
6298,0.0121
6299,0.1607
6300,0.3728
6301,0.4355
6302,0.1067
6303,0.1805
6304,0.1809
6305,0.1635
6306,0.0343
6307,0.1157
6308,0.0914
6309,0.4889
6310,0.0382
6311,0.2615
6312,0.4251
6313,0.1908
6314,0.4134
6315,0.0172
6316,0.1254
6317,0.1129
6318,0.2391
6319,0.201
6320,0.2455
6321,0.352
6322,0.3703
6323,0.427
6324,0.1309
6325,0.34
6326,0.0477
6327,0.4222
6328,0.3126
6329,0.1584
6330,0.4509
6331,0.1055
6332,0.4756
6333,0.4057
6334,0.4549
6335,0.2821
6336,0.3715
6337,0.0727
6338,0.4519
6339,0.212
6340,0.4446
6341,0.2255
6342,0.405
6343,0.0446
6344,0.2533
6345,0.0996
6346,0.44
6347,0.2184
6348,0.2037
6349,0.0649
6350,0.3674
6351,0.168
6352,0.0702
6353,0.0914
6354,0.4181
6355,0.1805
6356,0.386
6357,0.2187
6358,0.3597
6359,0.3068
6360,0.4726
6361,0.0884
6362,0.3322
6363,0.4767
6364,0.4851
6365,0.4514
6366,0.0071
6367,0.051
6368,0.3317
6369,0.2945
6370,0.2202
6371,0.1972
6372,0.0714
6373,0.2794
6374,0.3461
6375,0.2954
6376,0.2174
6377,0.423
6378,0.2525
6379,0.3717
6380,0.4469
6381,0.272
6382,0.0782
6383,0.2146
6384,0.2559
6385,0.118
6386,0.1004
6387,0.2968
6388,0.4707
6389,0.3579
6390,0.0037
6391,0.4296
6392,0.3822
6393,0.3035
6394,0.1689
6395,0.0585
6396,0.268
6397,0.4586
6398,0.4149
6399,0.2314
6400,0.337
6401,0.2574
6402,0.4358
6403,0.1274
6404,0.0956
6405,0.2761
6406,0.2863
6407,0.3245
6408,0.0999
6409,0.3726
6410,0.0224
6411,0.3529
6412,0.191
6413,0.4919
6414,0.4864
6415,0.093
6416,0.4547
6417,0.2379
6418,0.1508
6419,0.42
6420,0.3388
6421,0.1365
6422,0.0258
6423,0.326
6424,0.3756
6425,0.403
6426,0.2648
6427,0.3639
6428,0.1192
6429,0.4965
6430,0.0453
6431,0.4218
6432,0.3226
6433,0.4191
6434,0.4225
6435,0.4573
6436,0.0922
6437,0.1504
6438,0.4373
6439,0.017
6440,0.0822
6441,0.2805
6442,0.2927
6443,0.1774
6444,0.3606
6445,0.4946
6446,0.0033
6447,0.184
6448,0.0797
6449,0.2579
6450,0.0755
6451,0.1083
6452,0.2957
6453,0.4467
6454,0.3022
6455,0.0243
6456,0.0396
6457,0.1748
6458,0.2162
6459,0.1454
6460,0.3021
6461,0.1184
6462,0.3079
6463,0.4238
6464,0.2778
6465,0.1035
6466,0.3907
6467,0.0018
6468,0.4488
6469,0.3204
6470,0.0922
6471,0.2945
6472,0.1039
6473,0.4888
6474,0.1029
6475,0.0507
6476,0.445
6477,0.3807
6478,0.1044
6479,0.4817
6480,0.1174
6481,0.2378
6482,0.0414
6483,0.3114
6484,0.3964
6485,0.3671
6486,0.1114
6487,0.0084
6488,0.4749
6489,0.4849
6490,0.4292
6491,0.0661
6492,0.3358
6493,0.1704
6494,0.4538
6495,0.1128
6496,0.3134
6497,0.1176
6498,0.0481
6499,0.0144
6500,0.4913
6501,0.4392
6502,0.4863
6503,0.3026
6504,0.2323
6505,0.1141
6506,0.3734
6507,0.2242
6508,0.4619
6509,0.2185
6510,0.3245
6511,0.4487
6512,0.1171
6513,0.2257
6514,0.3913
6515,0.2065
6516,0.2742
6517,0.2842
6518,0.3177
6519,0.0497
6520,0.4835
6521,0.3472
6522,0.2668
6523,0.0527
6524,0.1558
6525,0.1114
6526,0.2367
6527,0.0755
6528,0.1488
6529,0.1232
6530,0.3308
6531,0.1811
6532,0.2822
6533,0.3096
6534,0.0615
6535,0.3811
6536,0.2873
6537,0.1643
6538,0.043
6539,0.3199
6540,0.4604
6541,0.0872
6542,0.1101
6543,0.4742
6544,0.131
6545,0.0907
6546,0.234
6547,0.1401
6548,0.243
6549,0.3792
6550,0.1775
6551,0.4975
6552,0.0056
6553,0.1533
6554,0.477
6555,0.4624
6556,0.028
6557,0.3537
6558,0.2968
6559,0.1332
6560,0.1024
6561,0.4289
6562,0.1667
6563,0.4897
6564,0.3111
6565,0.4632
6566,0.041
6567,0.055
6568,0.3836
6569,0.2408
6570,0.3263
6571,0.4938
6572,0.3535
6573,0.4235
6574,0.1092
6575,0.2399
6576,0.246
6577,0.3148
6578,0.2342
6579,0.2039
6580,0.1479
6581,0.0638
6582,0.1298
6583,0.4279
6584,0.1721
6585,0.2536
6586,0.2174
6587,0.2076
6588,0.37
6589,0.0534
6590,0.297
6591,0.0799
6592,0.0061
6593,0.1374
6594,0.1073
6595,0.2925
6596,0.0392
6597,0.1487
6598,0.2176
6599,0.2241
6600,0.0183
6601,0.4562
6602,0.3044
6603,0.1848
6604,0.1875
6605,0.1688
6606,0.1756
6607,0.1438
6608,0.2776
6609,0.1314
6610,0.1882
6611,0.1389
6612,0.0233
6613,0.0078
6614,0.3989
6615,0.254
6616,0.2368
6617,0.1617
6618,0.1104
6619,0.2099
6620,0.438
6621,0.3549
6622,0.3887
6623,0.1803
6624,0.1009
6625,0.01
6626,0.0523
6627,0.2013
6628,0.0984
6629,0.0241
6630,0.3911
6631,0.0627
6632,0.1402
6633,0.1573
6634,0.3001
6635,0.0041
6636,0.0524
6637,0.0795
6638,0.4631
6639,0.355
6640,0.0328
6641,0.087
6642,0.1225
6643,0.3764
6644,0.2218
6645,0.4025
6646,0.2927
6647,0.1158
6648,0.1511
6649,0.2406
6650,0.2297
6651,0.2772
6652,0.351
6653,0.1135
6654,0.3772
6655,0.2461
6656,0.4535
6657,0.0771
6658,0.0561
6659,0.0897
6660,0.1942
6661,0.3328
6662,0.155
6663,0.324
6664,0.1059
6665,0.0486
6666,0.4104
6667,0.3374
6668,0.143
6669,0.4999
6670,0.4262
6671,0.0025
6672,0.022
6673,0.1884
6674,0.4108
6675,0.2714
6676,0.2415
6677,0.4692
6678,0.1357
6679,0.1914
6680,0.2382
6681,0.1021
6682,0.1883
6683,0.0432
6684,0.0112
6685,0.3304
6686,0.3095
6687,0.192
6688,0.2651
6689,0.1363
6690,0.0624
6691,0.2916
6692,0.4687
6693,0.0671
6694,0.4393
6695,0.2177
6696,0.1653
6697,0.3773
6698,0.2355
6699,0.4272
6700,0.1064
6701,0.183
6702,0.4223
6703,0.1364
6704,0.2455
6705,0.2168
6706,0.1439
6707,0.0959
6708,0.0581
6709,0.3025
6710,0.1023
6711,0.0115
6712,0.1603
6713,0.0677
6714,0.3757
6715,0.1025
6716,0.1097
6717,0.1309
6718,0.391
6719,0.0456
6720,0.2488
6721,0.3502
6722,0.2019
6723,0.2422
6724,0.4371
6725,0.3803
6726,0.3754
6727,0.0263
6728,0.1116
6729,0.1549
6730,0.3354
6731,0.1466
6732,0.0424
6733,0.2317
6734,0.3346
6735,0.4488
6736,0.0691
6737,0.2074
6738,0.2355
6739,0.3968
6740,0.4397
6741,0.1552
6742,0.2392
6743,0.3728
6744,0.4533
6745,0.2607
6746,0.2414
6747,0.4761
6748,0.2379
6749,0.2548
6750,0.0757
6751,0.4108
6752,0.1843
6753,0.1688
6754,0.0614
6755,0.0428
6756,0.2473
6757,0.0424
6758,0.2927
6759,0.0145
6760,0.207
6761,0.1711
6762,0.0186
6763,0.3307
6764,0.37
6765,0.245
6766,0.4836
6767,0.3716
6768,0.3686
6769,0.4484
6770,0.252
6771,0.1787
6772,0.1385
6773,0.1929
6774,0.0389
6775,0.1359
6776,0.0662
6777,0.2983
6778,0.3131
6779,0.1142
6780,0.3676
6781,0.0136
6782,0.2277
6783,0.3626
6784,0.3959
6785,0.0976
6786,0.0277
6787,0.1792
6788,0.0251
6789,0.1951
6790,0.4964
6791,0.4469
6792,0.2575
6793,0.1109
6794,0.3871
6795,0.1498
6796,0.3545
6797,0.0557
6798,0.4433
6799,0.4699
6800,0.22
6801,0.1322
6802,0.1922
6803,0.0094
6804,0.0942
6805,0.3906
6806,0.3422
6807,0.4766
6808,0.0234
6809,0.0036
6810,0.4897
6811,0.0079
6812,0.3828
6813,0.0519
6814,0.1383
6815,0.1239
6816,0.1087
6817,0.1634
6818,0.4705
6819,0.1816
6820,0.4734
6821,0.1118
6822,0.4979
6823,0.4358
6824,0.1242
6825,0.2623
6826,0.1925
6827,0.304
6828,0.3063
6829,0.0841
6830,0.1828
6831,0.3935
6832,0.0894
6833,0.4529
6834,0.0756
6835,0.0592
6836,0.1805
6837,0.0855
6838,0.3992
6839,0.4569
6840,0.4721
6841,0.0578
6842,0.1098
6843,0.1642
6844,0.0886
6845,0.2584
6846,0.4761
6847,0.077
6848,0.4756
6849,0.0747
6850,0.0012
6851,0.3878
6852,0.4249
6853,0.4526
6854,0.4149
6855,0.4929
6856,0.1811
6857,0.4266
6858,0.0661
6859,0.0893
6860,0.0874
6861,0.4202
6862,0.1273
6863,0.0416
6864,0.0004
6865,0.1511
6866,0.2584
6867,0.2002
6868,0.1773
6869,0.1225
6870,0.3043
6871,0.0814
6872,0.4647
6873,0.4651
6874,0.193
6875,0.295
6876,0.4362
6877,0.2165
6878,0.3296
6879,0.0987
6880,0.3303
6881,0.1264
6882,0.1219
6883,0.1625
6884,0.4248
6885,0.0004
6886,0.1779
6887,0.1725
6888,0.4527
6889,0.3689
6890,0.4101
6891,0.2528
6892,0.3763
6893,0.0845
6894,0.3607
6895,0.2344
6896,0.2462
6897,0.3579
6898,0.2642
6899,0.4435
6900,0.0788
6901,0.0928
6902,0.1229
6903,0.2964
6904,0.2893
6905,0.0251
6906,0.384
6907,0.1302
6908,0.2453
6909,0.1417
6910,0.1051
6911,0.2675
6912,0.2271
6913,0.3338
6914,0.1427
6915,0.172
6916,0.0442
6917,0.4675
6918,0.3589
6919,0.425
6920,0.2301
6921,0.0578
6922,0.4358
6923,0.296
6924,0.3927
6925,0.2347
6926,0.4624
6927,0.1689
6928,0.2792
6929,0.1777
6930,0.033
6931,0.2994
6932,0.3643
6933,0.1617
6934,0.2183
6935,0.3661
6936,0.1725
6937,0.2493
6938,0.0648
6939,0.2807
6940,0.2455
6941,0.4575
6942,0.3908
6943,0.379
6944,0.1744
6945,0.3841
6946,0.0909
6947,0.1325
6948,0.0415
6949,0.1204
6950,0.1303
6951,0.4615
6952,0.0811
6953,0.2044
6954,0.2582
6955,0.2942
6956,0.3714
6957,0.0897
6958,0.2436
6959,0.2385
6960,0.3008
6961,0.0217
6962,0.1384
6963,0.2104
6964,0.1363
6965,0.3167
6966,0.2477
6967,0.3757
6968,0.2334
6969,0.4733
6970,0.0283
6971,0.0676
6972,0.1927
6973,0.485
6974,0.3591
6975,0.478
6976,0.2213
6977,0.4295
6978,0.2892
6979,0.0059
6980,0.3697
6981,0.0033
6982,0.3248
6983,0.2157
6984,0.459
6985,0.3064
6986,0.4595
6987,0.304
6988,0.463
6989,0.2899
6990,0.0831
6991,0.0745
6992,0.3263
6993,0.4197
6994,0.0627
6995,0.2464
6996,0.1102
6997,0.2361
6998,0.074
6999,0.474
7000,0.3298
7001,0.3363
7002,0.1588
7003,0.0574
7004,0.3124
7005,0.2443
7006,0.2248
7007,0.1082
7008,0.1277
7009,0.4202
7010,0.3309
7011,0.0415
7012,0.1789
7013,0.0239
7014,0.473
7015,0.0177
7016,0.2944
7017,0.3975
7018,0.1181
7019,0.3328
7020,0.2089
7021,0.0459
7022,0.3387
7023,0.1003
7024,0.0726
7025,0.1719
7026,0.2167
7027,0.4906
7028,0.151
7029,0.0367
7030,0.1785
7031,0.2881
7032,0.3403
7033,0.4633
7034,0.0875
7035,0.39
7036,0.4138
7037,0.417
7038,0.1376
7039,0.1467
7040,0.258
7041,0.3739
7042,0.3551
7043,0.2992
7044,0.0791
7045,0.3925
7046,0.4484
7047,0.2834
7048,0.2123
7049,0.3297
7050,0.2922
7051,0.2627
7052,0.2775
7053,0.4605
7054,0.0748
7055,0.4637
7056,0.4812
7057,0.3512
7058,0.4984
7059,0.466
7060,0.1164
7061,0.2451
7062,0.3125
7063,0.1767
7064,0.3439
7065,0.4159
7066,0.0211
7067,0.1735
7068,0.3467
7069,0.1761
7070,0.2524
7071,0.4845
7072,0.0855
7073,0.3581
7074,0.0506
7075,0.3423
7076,0.2325
7077,0.3054
7078,0.4466
7079,0.0897
7080,0.492
7081,0.0072
7082,0.3564
7083,0.2707
7084,0.137
7085,0.1546
7086,0.2271
7087,0.2663
7088,0.3259
7089,0.4214
7090,0.2969
7091,0.3804
7092,0.3342
7093,0.1841
7094,0.2725
7095,0.0785
7096,0.0798
7097,0.2012
7098,0.2735
7099,0.2645
7100,0.3401
7101,0.4991
7102,0.48
7103,0.024
7104,0.4431
7105,0.1646
7106,0.4369
7107,0.3941
7108,0.1794
7109,0.2131
7110,0.3374
7111,0.342
7112,0.4873
7113,0.1779
7114,0.4743
7115,0.1797
7116,0.3565
7117,0.3351
7118,0.1645
7119,0.131
7120,0.3611
7121,0.3024
7122,0.1989
7123,0.1826
7124,0.0042
7125,0.4236
7126,0.0567
7127,0.2086
7128,0.0908
7129,0.3042
7130,0.3933
7131,0.0393
7132,0.1829
7133,0.3318
7134,0.2555
7135,0.1703
7136,0.4454
7137,0.2711
7138,0.2386
7139,0.1258
7140,0.3729
7141,0.0673
7142,0.1857
7143,0.1538
7144,0.1383
7145,0.0595
7146,0.1513
7147,0.0061
7148,0.2965
7149,0.0387
7150,0.3506
7151,0.4093
7152,0.2836
7153,0.3314
7154,0.1359
7155,0.047
7156,0.0108
7157,0.3391
7158,0.1591
7159,0.3564
7160,0.1201
7161,0.1933
7162,0.3037
7163,0.3738
7164,0.4931
7165,0.0663
7166,0.2494
7167,0.1274
7168,0.2691
7169,0.1372
7170,0.3647
7171,0.2264
7172,0.4618
7173,0.4231
7174,0.1366
7175,0.2961
7176,0.1272
7177,0.3693
7178,0.3407
7179,0.3692
7180,0.0684
7181,0.0874
7182,0.335
7183,0.4105
7184,0.4819
7185,0.0163
7186,0.2304
7187,0.3825
7188,0.1517
7189,0.4298
7190,0.19
7191,0.1069
7192,0.3722
7193,0.1156
7194,0.4137
7195,0.3996
7196,0.4416
7197,0.1189
7198,0.4717
7199,0.3181
7200,0.1804
7201,0.1302
7202,0.0349
7203,0.1378
7204,0.0076
7205,0.0477
7206,0.2365
7207,0.1594
7208,0.0967
7209,0.0501
7210,0.1086
7211,0.3806
7212,0.0256
7213,0.237
7214,0.0467
7215,0.3512
7216,0.2441
7217,0.1216
7218,0.4424
7219,0.0515
7220,0.4483
7221,0.2734
7222,0.1639
7223,0.3618
7224,0.3044
7225,0.0321
7226,0.2561
7227,0.3862
7228,0.3347
7229,0.1646
7230,0.4179
7231,0.1566
7232,0.4858
7233,0.4933
7234,0.3125
7235,0.0099
7236,0.1486
7237,0.4219
7238,0.0895
7239,0.2865
7240,0.4741
7241,0.0297
7242,0.3828
7243,0.0918
7244,0.3897
7245,0.0428
7246,0.2363
7247,0.3617
7248,0.0052
7249,0.1755
7250,0.1235
7251,0.271
7252,0.4079
7253,0.2757
7254,0.4192
7255,0.1601
7256,0.0175
7257,0.109
7258,0.2305
7259,0.3342
7260,0.0465
7261,0.2517
7262,0.2983
7263,0.0214
7264,0.3814
7265,0.3349
7266,0.0256
7267,0.2812
7268,0.1129
7269,0.0639
7270,0.2117
7271,0.2589
7272,0.0252
7273,0.0925
7274,0.3309
7275,0.078
7276,0.3473
7277,0.3699
7278,0.1953
7279,0.3386
7280,0.1343
7281,0.3618
7282,0.1637
7283,0.1223
7284,0.4826
7285,0.3242
7286,0.3588
7287,0.1269
7288,0.0899
7289,0.294
7290,0.2998
7291,0.0257
7292,0.2575
7293,0.2657
7294,0.059
7295,0.0228
7296,0.3257
7297,0.1451
7298,0.3896
7299,0.4099
7300,0.0415
7301,0.2233
7302,0.2275
7303,0.2977
7304,0.2819
7305,0.3247
7306,0.3731
7307,0.4216
7308,0.2091
7309,0.4103
7310,0.3773
7311,0.0512
7312,0.1274
7313,0.278
7314,0.2627
7315,0.2113
7316,0.2469
7317,0.0693
7318,0.1359
7319,0.3234
7320,0.2127
7321,0.1757
7322,0.1491
7323,0.0493
7324,0.1961
7325,0.3261
7326,0.0802
7327,0.2325
7328,0.495
7329,0.2076
7330,0.4348
7331,0.3929
7332,0.0536
7333,0.4881
7334,0.3406
7335,0.425
7336,0.1807
7337,0.3646
7338,0.0656
7339,0.4389
7340,0.1969
7341,0.0209
7342,0.4269
7343,0.4487
7344,0.4809
7345,0.0062
7346,0.0037
7347,0.3347
7348,0.4587
7349,0.4484
7350,0.1371
7351,0.271
7352,0.4397
7353,0.4904
7354,0.2343
7355,0.0973
7356,0.4278
7357,0.4033
7358,0.2111
7359,0.2473
7360,0.3756
7361,0.2522
7362,0.1923
7363,0.4859
7364,0.1346
7365,0.2361
7366,0.3977
7367,0.0958
7368,0.3631
7369,0.3202
7370,0.0126
7371,0.0872
7372,0.3982
7373,0.1921
7374,0.1833
7375,0.0686
7376,0.4726
7377,0.3319
7378,0.1702
7379,0.256
7380,0.0073
7381,0.4974
7382,0.0985
7383,0.1279
7384,0.3744
7385,0.4918
7386,0.2838
7387,0.2836
7388,0.0386
7389,0.031
7390,0.3613
7391,0.2905
7392,0.1779
7393,0.3561
7394,0.3919
7395,0.4927
7396,0.1641
7397,0.4533
7398,0.0333
7399,0.2106
7400,0.0306
7401,0.2433
7402,0.4425
7403,0.3983
7404,0.0325
7405,0.2093
7406,0.0672
7407,0.2997
7408,0.4148
7409,0.1236
7410,0.1895
7411,0.3643
7412,0.441
7413,0.095
7414,0.4509
7415,0.3236
7416,0.3081
7417,0.1816
7418,0.1872
7419,0.2283
7420,0.1668
7421,0.1657
7422,0.1715
7423,0.2812
7424,0.277
7425,0.1681
7426,0.2723
7427,0.1744
7428,0.1108
7429,0.2835
7430,0.1192
7431,0.4978
7432,0.3045
7433,0.2544
7434,0.2927
7435,0.2249
7436,0.1681
7437,0.3099
7438,0.0034
7439,0.3203
7440,0.1156
7441,0.0438
7442,0.471
7443,0.0095
7444,0.0721
7445,0.2968
7446,0.3708
7447,0.1111
7448,0.2596
7449,0.4004
7450,0.0766
7451,0.498
7452,0.321
7453,0.0873
7454,0.2526
7455,0.3554
7456,0.4308
7457,0.4227
7458,0.3356
7459,0.3966
7460,0.493
7461,0.107
7462,0.2979
7463,0.3907
7464,0.3765
7465,0.2948
7466,0.1234
7467,0.1381
7468,0.2853
7469,0.1562
7470,0.3798
7471,0.1391
7472,0.343
7473,0.4644
7474,0.2372
7475,0.4798
7476,0.238
7477,0.2663
7478,0.0318
7479,0.0569
7480,0.3905
7481,0.3284
7482,0.1506
7483,0.025
7484,0.4434
7485,0.309
7486,0.27
7487,0.463
7488,0.3526
7489,0.4768
7490,0.3156
7491,0.2274
7492,0.3998
7493,0.3983
7494,0.226
7495,0.4411
7496,0.2426
7497,0.1237
7498,0.0729
7499,0.4564
7500,0.4263
7501,0.4187
7502,0.2208
7503,0.2115
7504,0.3719
7505,0.4494
7506,0.328
7507,0.4879
7508,0.2811
7509,0.2308
7510,0.2625
7511,0.2118
7512,0.4241
7513,0.183
7514,0.2241
7515,0.3136
7516,0.0468
7517,0.1808
7518,0.4209
7519,0.2426
7520,0.14
7521,0.4173
7522,0.2463
7523,0.1978
7524,0.1423
7525,0.3514
7526,0.3632
7527,0.4164
7528,0.4629
7529,0.195
7530,0.2181
7531,0.3272
7532,0.4414
7533,0.1213
7534,0.1946
7535,0.0707
7536,0.3824
7537,0.0649
7538,0.4817
7539,0.0332
7540,0.1547
7541,0.1274
7542,0.066
7543,0.3331
7544,0.4985
7545,0.2666
7546,0.2658
7547,0.0405
7548,0.4394
7549,0.2496
7550,0.0549
7551,0.1552
7552,0.187
7553,0.4655
7554,0.2092
7555,0.1022
7556,0.1836
7557,0.2907
7558,0.271
7559,0.2281
7560,0.065
7561,0.4109
7562,0.3279
7563,0.1449
7564,0.2835
7565,0.1357
7566,0.1918
7567,0.018
7568,0.2454
7569,0.278
7570,0.0264
7571,0.3065
7572,0.4906
7573,0.3262
7574,0.3296
7575,0.3075
7576,0.4183
7577,0.2418
7578,0.0441
7579,0.0035
7580,0.0944
7581,0.1491
7582,0.3619
7583,0.2405
7584,0.4819
7585,0.1875
7586,0.1863
7587,0.2488
7588,0.2587
7589,0.4601
7590,0.2705
7591,0.3943
7592,0.1035
7593,0.303
7594,0.4036
7595,0.4122
7596,0.1186
7597,0.4062
7598,0.0924
7599,0.1119
7600,0.3099
7601,0.174
7602,0.2014
7603,0.1312
7604,0.4487
7605,0.0004
7606,0.3213
7607,0.3816
7608,0.3975
7609,0.2132
7610,0.2009
7611,0.3688
7612,0.4056
7613,0.2006
7614,0.2872
7615,0.0988
7616,0.0079
7617,0.1134
7618,0.4915
7619,0.4528
7620,0.4131
7621,0.2472
7622,0.3644
7623,0.2587
7624,0.4354
7625,0.3194
7626,0.1003
7627,0.0041
7628,0.2889
7629,0.0491
7630,0.1301
7631,0.1157
7632,0.396
7633,0.0572
7634,0.263
7635,0.2015
7636,0.209
7637,0.0232
7638,0.0809
7639,0.2617
7640,0.3962
7641,0.3076
7642,0.2394
7643,0.1749
7644,0.3031
7645,0.2646
7646,0.1041
7647,0.4469
7648,0.1853
7649,0.4763
7650,0.3926
7651,0.1033
7652,0.4484
7653,0.4237
7654,0.178
7655,0.1866
7656,0.0995
7657,0.1133
7658,0.2284
7659,0.2078
7660,0.1637
7661,0.3375
7662,0.2702
7663,0.4585
7664,0.3098
7665,0.416
7666,0.4991
7667,0.2176
7668,0.0744
7669,0.4632
7670,0.2461
7671,0.3249
7672,0.278
7673,0.3826
7674,0.0594
7675,0.4672
7676,0.4506
7677,0.1626
7678,0.382
7679,0.3878
7680,0.0536
7681,0.3536
7682,0.4848
7683,0.068
7684,0.291
7685,0.2239
7686,0.4105
7687,0.3683
7688,0.409
7689,0.3702
7690,0.3351
7691,0.0079
7692,0.1436
7693,0.3916
7694,0.2104
7695,0.4437
7696,0.2139
7697,0.4249
7698,0.0435
7699,0.1373
7700,0.2844
7701,0.2024
7702,0.2209
7703,0.0244
7704,0.061
7705,0.3268
7706,0.438
7707,0.1025
7708,0.3652
7709,0.0143
7710,0.4074
7711,0.4794
7712,0.4055
7713,0.0745
7714,0.114
7715,0.3919
7716,0.0278
7717,0.0468
7718,0.3602
7719,0.3279
7720,0.0326
7721,0.4962
7722,0.4029
7723,0.1998
7724,0.4958
7725,0.0942
7726,0.1361
7727,0.2356
7728,0.4257
7729,0.1462
7730,0.046
7731,0.2176
7732,0.2027
7733,0.2703
7734,0.4593
7735,0.3763
7736,0.1964
7737,0.4288
7738,0.0793
7739,0.4588
7740,0.3829
7741,0.0397
7742,0.072
7743,0.3795
7744,0.065
7745,0.2149
7746,0.0182
7747,0.3131
7748,0.2976
7749,0.3795
7750,0.1938
7751,0.2454
7752,0.1247
7753,0.4824
7754,0.2244
7755,0.2672
7756,0.0084
7757,0.1647
7758,0.3202
7759,0.4543
7760,0.0255
7761,0.1763
7762,0.24
7763,0.2336
7764,0.0223
7765,0.0822
7766,0.0062
7767,0.1996
7768,0.4586
7769,0.347
7770,0.0421
7771,0.4217
7772,0.1788
7773,0.1803
7774,0.1042
7775,0.1313
7776,0.0797
7777,0.2994
7778,0.3973
7779,0.0392
7780,0.3527
7781,0.4678
7782,0.2193
7783,0.4849
7784,0.3519
7785,0.1614
7786,0.2861
7787,0.1074
7788,0.4967
7789,0.2486
7790,0.3044
7791,0.2743
7792,0.2152
7793,0.3777
7794,0.3304
7795,0.1564
7796,0.338
7797,0.4576
7798,0.2905
7799,0.4792
7800,0.0658
7801,0.2963
7802,0.3424
7803,0.2044
7804,0.1755
7805,0.3816
7806,0.3737
7807,0.1348
7808,0.3291
7809,0.3986
7810,0.0557
7811,0.2618
7812,0.1831
7813,0.4313
7814,0.1378
7815,0.3204
7816,0.4602
7817,0.0364
7818,0.1613
7819,0.2215
7820,0.2936
7821,0.4497
7822,0.3166
7823,0.2123
7824,0.2257
7825,0.2841
7826,0.4251
7827,0.0623
7828,0.2557
7829,0.4692
7830,0.4178
7831,0.0421
7832,0.2937
7833,0.2786
7834,0.3883
7835,0.3992
7836,0.251
7837,0.1669
7838,0.4786
7839,0.3688
7840,0.2623
7841,0.1259
7842,0.4763
7843,0.4585
7844,0.4542
7845,0.3061
7846,0.1181
7847,0.2756
7848,0.2468
7849,0.3582
7850,0.4349
7851,0.4303
7852,0.1021
7853,0.4847
7854,0.4821
7855,0.0611
7856,0.2113
7857,0.3864
7858,0.3654
7859,0.4998
7860,0.0501
7861,0.0286
7862,0.4768
7863,0.2365
7864,0.254
7865,0.3832
7866,0.4606
7867,0.4113
7868,0.0923
7869,0.1388
7870,0.1268
7871,0.1557
7872,0.1339
7873,0.2557
7874,0.4452
7875,0.2626
7876,0.2835
7877,0.0639
7878,0.2757
7879,0.1692
7880,0.2255
7881,0.3676
7882,0.1199
7883,0.1531
7884,0.2682
7885,0.407
7886,0.3002
7887,0.4193
7888,0.2638
7889,0.3989
7890,0.3064
7891,0.436
7892,0.2473
7893,0.1341
7894,0.3357
7895,0.1158
7896,0.1378
7897,0.0537
7898,0.4321
7899,0.2965
7900,0.442
7901,0.3844
7902,0.1763
7903,0.3065
7904,0.2088
7905,0.0177
7906,0.3823
7907,0.3854
7908,0.2398
7909,0.29
7910,0.4427
7911,0.181
7912,0.2731
7913,0.4141
7914,0.3521
7915,0.1484
7916,0.3192
7917,0.2698
7918,0.0888
7919,0.13
7920,0.305
7921,0.311
7922,0.0547
7923,0.1008
7924,0.0199
7925,0.4069
7926,0.0709
7927,0.4514
7928,0.2777
7929,0.4575
7930,0.0465
7931,0.086
7932,0.3645
7933,0.039
7934,0.3367
7935,0.0475
7936,0.2824
7937,0.4324
7938,0.3376
7939,0.1512
7940,0.0613
7941,0.428
7942,0.1024
7943,0.4354
7944,0.4157
7945,0.1577
7946,0.1905
7947,0.3527
7948,0.309
7949,0.128
7950,0.3541
7951,0.2796
7952,0.3354
7953,0.0956
7954,0.2395
7955,0.4621
7956,0.3864
7957,0.2761
7958,0.0196
7959,0.3969
7960,0.2468
7961,0.1137
7962,0.04
7963,0.0339
7964,0.4482
7965,0.3014
7966,0.3772
7967,0.4735
7968,0.21
7969,0.0621
7970,0.4676
7971,0.2486
7972,0.4003
7973,0.4188
7974,0.439
7975,0.3759
7976,0.3631
7977,0.0783
7978,0.216
7979,0.1006
7980,0.1808
7981,0.0492
7982,0.0453
7983,0.4848
7984,0.3989
7985,0.1436
7986,0.0729
7987,0.002
7988,0.0004
7989,0.036
7990,0.0667
7991,0.2286
7992,0.1659
7993,0.2676
7994,0.1044
7995,0.2026
7996,0.4113
7997,0.2731
7998,0.0809
7999,0.139
8000,0.0566
